id,pred_prob
sample_00001,0.737214
sample_00002,0.020461
sample_00003,0.719862
sample_00004,0.418269
sample_00005,0.372063
sample_00006,0.195346
sample_00007,0.658022
sample_00008,0.333262
sample_00009,0.382301
sample_00010,0.556688
sample_00011,0.537497
sample_00012,0.971106
sample_00013,0.855728
sample_00014,0.512602
sample_00015,0.191324
sample_00016,0.044772
sample_00017,0.386595
sample_00018,0.437767
sample_00019,0.673747
sample_00020,0.531307
sample_00021,0.350856
sample_00022,0.876437
sample_00023,0.502344
sample_00024,0.338602
sample_00025,0.965078
sample_00026,0.144665
sample_00027,0.162513
sample_00028,0.713645
sample_00029,0.435813
sample_00030,0.214954
sample_00031,0.624731
sample_00032,0.70454
sample_00033,0.190657
sample_00034,0.825068
sample_00035,0.77708
sample_00036,0.268964
sample_00037,0.608906
sample_00038,0.365895
sample_00039,0.338026
sample_00040,0.484236
sample_00041,0.537337
sample_00042,0.462275
sample_00043,0.099035
sample_00044,0.306742
sample_00045,0.177727
sample_00046,0.655723
sample_00047,0.582638
sample_00048,0.065591
sample_00049,0.168618
sample_00050,0.397964
sample_00051,0.29555
sample_00052,0.717852
sample_00053,0.631178
sample_00054,0.611569
sample_00055,0.178665
sample_00056,0.923794
sample_00057,0.694906
sample_00058,0.788539
sample_00059,0.785177
sample_00060,0.039169
sample_00061,0.594437
sample_00062,0.159535
sample_00063,0.984616
sample_00064,0.420218
sample_00065,0.540967
sample_00066,0.670549
sample_00067,0.626113
sample_00068,0.6098
sample_00069,0.108945
sample_00070,0.325352
sample_00071,0.244678
sample_00072,0.582738
sample_00073,0.314827
sample_00074,0.24831
sample_00075,0.094253
sample_00076,0.79562
sample_00077,0.357569
sample_00078,0.224033
sample_00079,0.962325
sample_00080,0.981873
sample_00081,0.675511
sample_00082,0.685789
sample_00083,0.866425
sample_00084,0.502232
sample_00085,0.223529
sample_00086,0.586962
sample_00087,0.804333
sample_00088,0.597259
sample_00089,0.660201
sample_00090,0.550906
sample_00091,0.587935
sample_00092,0.635733
sample_00093,0.18586
sample_00094,0.169133
sample_00095,0.241522
sample_00096,0.362849
sample_00097,0.12535
sample_00098,0.084749
sample_00099,0.059652
sample_00100,0.024978
sample_00101,0.200655
sample_00102,0.294227
sample_00103,0.150195
sample_00104,0.175298
sample_00105,0.098456
sample_00106,0.051819
sample_00107,0.602362
sample_00108,0.678071
sample_00109,0.31538
sample_00110,0.165218
sample_00111,0.484757
sample_00112,0.518909
sample_00113,0.383154
sample_00114,0.813086
sample_00115,0.159322
sample_00116,0.771417
sample_00117,0.796181
sample_00118,0.772814
sample_00119,0.649001
sample_00120,0.488193
sample_00121,0.369289
sample_00122,0.380938
sample_00123,0.289888
sample_00124,0.763259
sample_00125,0.360673
sample_00126,0.765048
sample_00127,0.907714
sample_00128,0.380823
sample_00129,0.96352
sample_00130,0.647976
sample_00131,0.244291
sample_00132,0.783555
sample_00133,0.889014
sample_00134,0.995331
sample_00135,0.831346
sample_00136,0.058309
sample_00137,0.404095
sample_00138,0.043831
sample_00139,0.038532
sample_00140,0.889474
sample_00141,0.225973
sample_00142,0.143492
sample_00143,0.522738
sample_00144,0.422991
sample_00145,0.96102
sample_00146,0.639375
sample_00147,0.070234
sample_00148,0.068366
sample_00149,0.901578
sample_00150,0.409654
sample_00151,0.372251
sample_00152,0.141179
sample_00153,0.534634
sample_00154,0.202224
sample_00155,0.55503
sample_00156,0.888014
sample_00157,0.73728
sample_00158,0.961562
sample_00159,0.818892
sample_00160,0.042189
sample_00161,0.651839
sample_00162,0.549657
sample_00163,0.995823
sample_00164,0.743816
sample_00165,0.700928
sample_00166,0.922279
sample_00167,0.672231
sample_00168,0.273584
sample_00169,0.553065
sample_00170,0.412713
sample_00171,0.622971
sample_00172,0.31636
sample_00173,0.774463
sample_00174,0.798416
sample_00175,0.427512
sample_00176,0.110785
sample_00177,0.03633
sample_00178,0.523704
sample_00179,0.880477
sample_00180,0.20761
sample_00181,0.959295
sample_00182,0.794299
sample_00183,0.121324
sample_00184,0.964232
sample_00185,0.865476
sample_00186,0.437006
sample_00187,0.186179
sample_00188,0.431754
sample_00189,0.648002
sample_00190,0.527291
sample_00191,0.318959
sample_00192,0.115452
sample_00193,0.059156
sample_00194,0.328937
sample_00195,0.257273
sample_00196,0.610539
sample_00197,0.303084
sample_00198,0.286521
sample_00199,0.60961
sample_00200,0.691582
sample_00201,0.763159
sample_00202,0.773255
sample_00203,0.940307
sample_00204,0.824498
sample_00205,0.900449
sample_00206,0.972493
sample_00207,0.060866
sample_00208,0.095516
sample_00209,0.558459
sample_00210,0.976305
sample_00211,0.333894
sample_00212,0.702004
sample_00213,0.671076
sample_00214,0.425744
sample_00215,0.695691
sample_00216,0.77943
sample_00217,0.49769
sample_00218,0.586283
sample_00219,0.954116
sample_00220,0.807009
sample_00221,0.981986
sample_00222,0.685618
sample_00223,0.848494
sample_00224,0.628605
sample_00225,0.002711
sample_00226,0.188223
sample_00227,0.059711
sample_00228,0.380821
sample_00229,0.728781
sample_00230,0.483286
sample_00231,0.071953
sample_00232,0.648697
sample_00233,0.141187
sample_00234,0.48163
sample_00235,0.329643
sample_00236,0.106693
sample_00237,0.619223
sample_00238,0.709236
sample_00239,0.373365
sample_00240,0.50968
sample_00241,0.545846
sample_00242,0.362298
sample_00243,0.216325
sample_00244,0.791717
sample_00245,0.078886
sample_00246,0.589929
sample_00247,0.163787
sample_00248,0.191883
sample_00249,0.982895
sample_00250,0.54256
sample_00251,0.63224
sample_00252,0.277723
sample_00253,0.980927
sample_00254,0.290247
sample_00255,0.159643
sample_00256,0.7759
sample_00257,0.911853
sample_00258,0.07601
sample_00259,0.531017
sample_00260,0.269976
sample_00261,0.209407
sample_00262,0.75649
sample_00263,0.853565
sample_00264,0.862077
sample_00265,0.699789
sample_00266,0.450714
sample_00267,0.772627
sample_00268,0.273689
sample_00269,0.483307
sample_00270,0.272427
sample_00271,0.742364
sample_00272,0.488342
sample_00273,0.960968
sample_00274,0.19263
sample_00275,0.066027
sample_00276,0.408097
sample_00277,0.644904
sample_00278,0.57595
sample_00279,0.936401
sample_00280,0.264904
sample_00281,0.413205
sample_00282,0.749232
sample_00283,0.871874
sample_00284,0.826097
sample_00285,0.160937
sample_00286,0.642827
sample_00287,0.683251
sample_00288,0.160736
sample_00289,0.660329
sample_00290,0.74618
sample_00291,0.273052
sample_00292,0.11737
sample_00293,0.246832
sample_00294,0.594117
sample_00295,0.905873
sample_00296,0.523374
sample_00297,0.700232
sample_00298,0.9249
sample_00299,0.541576
sample_00300,0.469935
sample_00301,0.460474
sample_00302,0.30338
sample_00303,0.32218
sample_00304,0.888942
sample_00305,0.028608
sample_00306,0.277598
sample_00307,0.749922
sample_00308,0.760248
sample_00309,0.750179
sample_00310,0.606292
sample_00311,0.768239
sample_00312,0.373046
sample_00313,0.020818
sample_00314,0.076885
sample_00315,0.656062
sample_00316,0.652133
sample_00317,0.610603
sample_00318,0.160153
sample_00319,0.836341
sample_00320,0.242599
sample_00321,0.19507
sample_00322,0.204235
sample_00323,0.415631
sample_00324,0.598864
sample_00325,0.043808
sample_00326,0.749526
sample_00327,0.565191
sample_00328,0.020856
sample_00329,0.880894
sample_00330,0.790249
sample_00331,0.223866
sample_00332,0.042636
sample_00333,0.066308
sample_00334,0.448575
sample_00335,0.733204
sample_00336,0.286969
sample_00337,0.108468
sample_00338,0.174892
sample_00339,0.511718
sample_00340,0.761748
sample_00341,0.281029
sample_00342,0.578472
sample_00343,0.855278
sample_00344,0.171052
sample_00345,0.139928
sample_00346,0.884407
sample_00347,0.215784
sample_00348,0.786824
sample_00349,0.962598
sample_00350,0.586303
sample_00351,0.576969
sample_00352,0.136961
sample_00353,0.61229
sample_00354,0.584223
sample_00355,0.467996
sample_00356,0.906151
sample_00357,0.781618
sample_00358,0.972567
sample_00359,0.629817
sample_00360,0.984826
sample_00361,0.741736
sample_00362,0.022805
sample_00363,0.542383
sample_00364,0.792809
sample_00365,0.534293
sample_00366,0.124844
sample_00367,0.418175
sample_00368,0.895589
sample_00369,0.038941
sample_00370,0.733644
sample_00371,0.271848
sample_00372,0.851843
sample_00373,0.754322
sample_00374,0.659
sample_00375,0.639251
sample_00376,0.491779
sample_00377,0.336376
sample_00378,0.865871
sample_00379,0.655217
sample_00380,0.646954
sample_00381,0.801652
sample_00382,0.996956
sample_00383,0.842536
sample_00384,0.537537
sample_00385,0.293721
sample_00386,0.749196
sample_00387,0.957737
sample_00388,0.716829
sample_00389,0.584321
sample_00390,0.178342
sample_00391,0.991031
sample_00392,0.037538
sample_00393,0.750581
sample_00394,0.663484
sample_00395,0.068686
sample_00396,0.350221
sample_00397,0.386525
sample_00398,0.691989
sample_00399,0.600764
sample_00400,0.476605
sample_00401,0.4268
sample_00402,0.172012
sample_00403,0.296967
sample_00404,0.525128
sample_00405,0.516414
sample_00406,0.087575
sample_00407,0.028885
sample_00408,0.069192
sample_00409,0.961387
sample_00410,0.154429
sample_00411,0.963766
sample_00412,0.167929
sample_00413,0.393673
sample_00414,0.618247
sample_00415,0.280818
sample_00416,0.396639
sample_00417,0.805445
sample_00418,0.022474
sample_00419,0.765805
sample_00420,0.888561
sample_00421,0.143424
sample_00422,0.228399
sample_00423,0.780879
sample_00424,0.215883
sample_00425,0.351899
sample_00426,0.298021
sample_00427,0.855636
sample_00428,0.666885
sample_00429,0.477469
sample_00430,0.6644
sample_00431,0.96945
sample_00432,0.846683
sample_00433,0.600072
sample_00434,0.733655
sample_00435,0.062798
sample_00436,0.555319
sample_00437,0.529552
sample_00438,0.871609
sample_00439,0.677398
sample_00440,0.455931
sample_00441,0.495702
sample_00442,0.972385
sample_00443,0.098376
sample_00444,0.733802
sample_00445,0.061986
sample_00446,0.122877
sample_00447,0.124472
sample_00448,0.059484
sample_00449,0.692348
sample_00450,0.647621
sample_00451,0.333947
sample_00452,0.227359
sample_00453,0.850544
sample_00454,0.960359
sample_00455,0.54828
sample_00456,0.602871
sample_00457,0.607907
sample_00458,0.981998
sample_00459,0.356546
sample_00460,0.506108
sample_00461,0.686866
sample_00462,0.073072
sample_00463,0.117277
sample_00464,0.034097
sample_00465,0.97113
sample_00466,0.819856
sample_00467,0.869999
sample_00468,0.737501
sample_00469,0.021916
sample_00470,0.94909
sample_00471,0.186102
sample_00472,0.352058
sample_00473,0.206344
sample_00474,0.567967
sample_00475,0.5365
sample_00476,0.412341
sample_00477,0.363543
sample_00478,0.236775
sample_00479,0.425423
sample_00480,0.808628
sample_00481,0.688878
sample_00482,0.110527
sample_00483,0.985222
sample_00484,0.769604
sample_00485,0.534722
sample_00486,0.496434
sample_00487,0.349347
sample_00488,0.113505
sample_00489,0.706454
sample_00490,0.279375
sample_00491,0.849207
sample_00492,0.552905
sample_00493,0.816743
sample_00494,0.215696
sample_00495,0.021891
sample_00496,0.210839
sample_00497,0.478983
sample_00498,0.143042
sample_00499,0.575048
sample_00500,0.617023
sample_00501,0.838743
sample_00502,0.374863
sample_00503,0.450214
sample_00504,0.585556
sample_00505,0.427489
sample_00506,0.259078
sample_00507,0.483363
sample_00508,0.775489
sample_00509,0.372966
sample_00510,0.154742
sample_00511,0.287303
sample_00512,0.408375
sample_00513,0.012894
sample_00514,0.828846
sample_00515,0.067335
sample_00516,0.925887
sample_00517,0.655543
sample_00518,0.718355
sample_00519,0.983919
sample_00520,0.926979
sample_00521,0.818884
sample_00522,0.815111
sample_00523,0.890317
sample_00524,0.292814
sample_00525,0.27604
sample_00526,0.160057
sample_00527,0.161418
sample_00528,0.901376
sample_00529,0.407915
sample_00530,0.133725
sample_00531,0.797565
sample_00532,0.370252
sample_00533,0.929262
sample_00534,0.934372
sample_00535,0.611317
sample_00536,0.841229
sample_00537,0.111598
sample_00538,0.718949
sample_00539,0.994792
sample_00540,0.837418
sample_00541,0.78733
sample_00542,0.666236
sample_00543,0.015215
sample_00544,0.200764
sample_00545,0.932964
sample_00546,0.933764
sample_00547,0.631401
sample_00548,0.758276
sample_00549,0.746086
sample_00550,0.839462
sample_00551,0.443734
sample_00552,0.283072
sample_00553,0.424872
sample_00554,0.901782
sample_00555,0.351314
sample_00556,0.911095
sample_00557,0.791511
sample_00558,0.471808
sample_00559,0.550262
sample_00560,0.046064
sample_00561,0.752334
sample_00562,0.548644
sample_00563,0.444104
sample_00564,0.001674
sample_00565,0.205821
sample_00566,0.799401
sample_00567,0.499251
sample_00568,0.400651
sample_00569,0.560266
sample_00570,0.806148
sample_00571,0.940561
sample_00572,0.351776
sample_00573,0.311084
sample_00574,0.259229
sample_00575,0.24429
sample_00576,0.305487
sample_00577,0.990429
sample_00578,0.295121
sample_00579,0.265553
sample_00580,0.8397
sample_00581,0.863598
sample_00582,0.504941
sample_00583,0.84092
sample_00584,0.623429
sample_00585,0.504402
sample_00586,0.997395
sample_00587,0.616972
sample_00588,0.332882
sample_00589,0.963811
sample_00590,0.891315
sample_00591,0.901551
sample_00592,0.185797
sample_00593,0.030111
sample_00594,0.2942
sample_00595,0.178088
sample_00596,0.863041
sample_00597,0.086536
sample_00598,0.053058
sample_00599,0.235992
sample_00600,0.332036
sample_00601,0.956842
sample_00602,0.471767
sample_00603,0.509093
sample_00604,0.548765
sample_00605,0.370918
sample_00606,0.004901
sample_00607,0.105291
sample_00608,0.102339
sample_00609,0.018685
sample_00610,0.72419
sample_00611,0.435309
sample_00612,0.575633
sample_00613,0.608385
sample_00614,0.66216
sample_00615,0.54936
sample_00616,0.996517
sample_00617,0.406649
sample_00618,0.84133
sample_00619,0.713856
sample_00620,0.638661
sample_00621,0.983553
sample_00622,0.069466
sample_00623,0.541016
sample_00624,0.548119
sample_00625,0.079916
sample_00626,0.260972
sample_00627,0.252147
sample_00628,0.202958
sample_00629,0.569256
sample_00630,0.089273
sample_00631,0.476128
sample_00632,0.573252
sample_00633,0.851023
sample_00634,0.42803
sample_00635,0.097096
sample_00636,0.072409
sample_00637,0.307977
sample_00638,0.40272
sample_00639,0.310318
sample_00640,0.330819
sample_00641,0.701277
sample_00642,0.460469
sample_00643,0.716279
sample_00644,0.611175
sample_00645,0.250505
sample_00646,0.727999
sample_00647,0.46145
sample_00648,0.503132
sample_00649,0.342417
sample_00650,0.0062
sample_00651,0.7704
sample_00652,0.879147
sample_00653,0.829518
sample_00654,0.211373
sample_00655,0.110413
sample_00656,0.304491
sample_00657,0.881656
sample_00658,0.239738
sample_00659,0.672859
sample_00660,0.09902
sample_00661,0.282228
sample_00662,0.61302
sample_00663,0.60297
sample_00664,0.863083
sample_00665,0.75926
sample_00666,0.692917
sample_00667,0.846603
sample_00668,0.742237
sample_00669,0.702008
sample_00670,0.641782
sample_00671,0.611818
sample_00672,0.632474
sample_00673,0.80275
sample_00674,0.65395
sample_00675,0.584084
sample_00676,0.225856
sample_00677,0.323796
sample_00678,0.579561
sample_00679,0.861927
sample_00680,0.493109
sample_00681,0.853968
sample_00682,0.914578
sample_00683,0.431188
sample_00684,0.807888
sample_00685,0.698468
sample_00686,0.382552
sample_00687,0.872901
sample_00688,0.957981
sample_00689,0.12043
sample_00690,0.339124
sample_00691,0.562586
sample_00692,0.829474
sample_00693,0.981925
sample_00694,0.244534
sample_00695,0.668096
sample_00696,0.471979
sample_00697,0.810892
sample_00698,0.374805
sample_00699,0.637833
sample_00700,0.922462
sample_00701,0.615872
sample_00702,0.70841
sample_00703,0.973427
sample_00704,0.955507
sample_00705,0.581374
sample_00706,0.640126
sample_00707,0.654099
sample_00708,0.050684
sample_00709,0.059375
sample_00710,0.799202
sample_00711,0.159683
sample_00712,0.572138
sample_00713,0.486351
sample_00714,0.498662
sample_00715,0.011594
sample_00716,0.739656
sample_00717,0.63988
sample_00718,0.211313
sample_00719,0.210437
sample_00720,0.154495
sample_00721,0.31835
sample_00722,0.847082
sample_00723,0.793502
sample_00724,0.521113
sample_00725,0.074801
sample_00726,0.403861
sample_00727,0.234433
sample_00728,0.440036
sample_00729,0.724627
sample_00730,0.827333
sample_00731,0.882416
sample_00732,0.398299
sample_00733,0.432468
sample_00734,0.346076
sample_00735,0.14908
sample_00736,0.866211
sample_00737,0.263355
sample_00738,0.982887
sample_00739,0.267468
sample_00740,0.039096
sample_00741,0.86995
sample_00742,0.54133
sample_00743,0.290167
sample_00744,0.987379
sample_00745,0.900949
sample_00746,0.109649
sample_00747,0.290072
sample_00748,0.149524
sample_00749,0.089223
sample_00750,0.189605
sample_00751,0.735743
sample_00752,0.056519
sample_00753,0.25197
sample_00754,0.878116
sample_00755,0.223842
sample_00756,0.563535
sample_00757,0.651267
sample_00758,0.427015
sample_00759,0.415906
sample_00760,0.219494
sample_00761,0.467657
sample_00762,0.781601
sample_00763,0.551016
sample_00764,0.323094
sample_00765,0.574505
sample_00766,0.926361
sample_00767,0.12494
sample_00768,0.030591
sample_00769,0.916565
sample_00770,0.935151
sample_00771,0.745876
sample_00772,0.567677
sample_00773,0.320033
sample_00774,0.861218
sample_00775,0.055472
sample_00776,0.960876
sample_00777,0.924904
sample_00778,0.555666
sample_00779,0.626712
sample_00780,0.584867
sample_00781,0.458364
sample_00782,0.870638
sample_00783,0.647523
sample_00784,0.957413
sample_00785,0.579985
sample_00786,0.438614
sample_00787,0.131313
sample_00788,0.141616
sample_00789,0.903008
sample_00790,0.927115
sample_00791,0.466546
sample_00792,0.621585
sample_00793,0.98955
sample_00794,0.486986
sample_00795,0.450187
sample_00796,0.138737
sample_00797,0.620679
sample_00798,0.569426
sample_00799,0.064076
sample_00800,0.930006
sample_00801,0.779393
sample_00802,0.800982
sample_00803,0.908725
sample_00804,0.365484
sample_00805,0.761439
sample_00806,0.140377
sample_00807,0.698566
sample_00808,0.165451
sample_00809,0.176649
sample_00810,0.512359
sample_00811,0.06324
sample_00812,0.655679
sample_00813,0.111015
sample_00814,0.141262
sample_00815,0.932442
sample_00816,0.221627
sample_00817,0.020891
sample_00818,0.272024
sample_00819,0.916552
sample_00820,0.318518
sample_00821,0.310852
sample_00822,0.470082
sample_00823,0.557973
sample_00824,0.237087
sample_00825,0.935674
sample_00826,0.728236
sample_00827,0.477096
sample_00828,0.297549
sample_00829,0.003555
sample_00830,0.575538
sample_00831,0.986022
sample_00832,0.314957
sample_00833,0.91663
sample_00834,0.88081
sample_00835,0.593366
sample_00836,0.185637
sample_00837,0.502217
sample_00838,0.220234
sample_00839,0.31841
sample_00840,0.401296
sample_00841,0.801837
sample_00842,0.975181
sample_00843,0.166047
sample_00844,0.125095
sample_00845,0.742499
sample_00846,0.442868
sample_00847,0.8803
sample_00848,0.396819
sample_00849,0.566709
sample_00850,0.39205
sample_00851,0.398369
sample_00852,0.872914
sample_00853,0.323773
sample_00854,0.032232
sample_00855,0.105314
sample_00856,0.099621
sample_00857,0.935263
sample_00858,0.200732
sample_00859,0.240457
sample_00860,0.522956
sample_00861,0.042199
sample_00862,0.820946
sample_00863,0.145502
sample_00864,0.363472
sample_00865,0.581955
sample_00866,0.547865
sample_00867,0.602947
sample_00868,0.884215
sample_00869,0.190664
sample_00870,0.365374
sample_00871,0.609119
sample_00872,0.75518
sample_00873,0.956251
sample_00874,0.786105
sample_00875,0.154439
sample_00876,0.523391
sample_00877,0.009521
sample_00878,0.653511
sample_00879,0.359514
sample_00880,0.500528
sample_00881,0.527196
sample_00882,0.74446
sample_00883,0.065392
sample_00884,0.334259
sample_00885,0.774339
sample_00886,0.010287
sample_00887,0.21124
sample_00888,0.514123
sample_00889,0.099855
sample_00890,0.515885
sample_00891,0.828549
sample_00892,0.895758
sample_00893,0.828445
sample_00894,0.221924
sample_00895,0.485476
sample_00896,0.359161
sample_00897,0.503804
sample_00898,0.185026
sample_00899,0.034339
sample_00900,0.140735
sample_00901,0.985096
sample_00902,0.942448
sample_00903,0.6202
sample_00904,0.093147
sample_00905,0.553179
sample_00906,0.685319
sample_00907,0.944846
sample_00908,0.934307
sample_00909,0.59704
sample_00910,0.100652
sample_00911,0.684535
sample_00912,0.308844
sample_00913,0.956148
sample_00914,0.473426
sample_00915,0.424617
sample_00916,0.155846
sample_00917,0.779471
sample_00918,0.457056
sample_00919,0.002949
sample_00920,0.058997
sample_00921,0.883658
sample_00922,0.287071
sample_00923,0.285285
sample_00924,0.183835
sample_00925,0.967316
sample_00926,0.391508
sample_00927,0.966403
sample_00928,0.887138
sample_00929,0.470248
sample_00930,0.984615
sample_00931,0.858475
sample_00932,0.559556
sample_00933,0.962259
sample_00934,0.547391
sample_00935,0.114566
sample_00936,0.448472
sample_00937,0.190332
sample_00938,0.893883
sample_00939,0.123915
sample_00940,0.708215
sample_00941,0.270982
sample_00942,0.890263
sample_00943,0.536738
sample_00944,0.428848
sample_00945,0.582643
sample_00946,0.657709
sample_00947,0.201218
sample_00948,0.403188
sample_00949,0.567769
sample_00950,0.500709
sample_00951,0.379472
sample_00952,0.172895
sample_00953,0.354764
sample_00954,0.641073
sample_00955,0.028661
sample_00956,0.94827
sample_00957,0.805372
sample_00958,0.415185
sample_00959,0.00046
sample_00960,0.800875
sample_00961,0.095834
sample_00962,0.433661
sample_00963,0.381884
sample_00964,0.430304
sample_00965,0.324497
sample_00966,0.099212
sample_00967,0.505559
sample_00968,0.280814
sample_00969,0.695365
sample_00970,0.887403
sample_00971,0.257749
sample_00972,0.795859
sample_00973,0.165822
sample_00974,0.370578
sample_00975,0.929693
sample_00976,0.543639
sample_00977,0.926333
sample_00978,0.953779
sample_00979,0.339309
sample_00980,0.900301
sample_00981,0.732051
sample_00982,0.667893
sample_00983,0.653277
sample_00984,0.49873
sample_00985,0.384127
sample_00986,0.47687
sample_00987,0.511813
sample_00988,0.905608
sample_00989,0.011435
sample_00990,0.941166
sample_00991,0.867415
sample_00992,0.23943
sample_00993,0.11129
sample_00994,0.929522
sample_00995,0.242178
sample_00996,0.056645
sample_00997,0.391763
sample_00998,0.62512
sample_00999,0.74061
sample_01000,0.516471
sample_01001,0.035221
sample_01002,0.266878
sample_01003,0.272914
sample_01004,0.68099
sample_01005,0.118072
sample_01006,0.630841
sample_01007,0.83672
sample_01008,0.842881
sample_01009,0.157411
sample_01010,0.654162
sample_01011,0.854604
sample_01012,0.203282
sample_01013,0.104583
sample_01014,0.024498
sample_01015,0.431049
sample_01016,0.314014
sample_01017,0.219864
sample_01018,0.334159
sample_01019,0.048111
sample_01020,0.028707
sample_01021,0.787645
sample_01022,0.096154
sample_01023,0.563938
sample_01024,0.164389
sample_01025,0.698369
sample_01026,0.541482
sample_01027,0.028882
sample_01028,0.271112
sample_01029,0.860842
sample_01030,0.525533
sample_01031,0.587244
sample_01032,0.22127
sample_01033,0.468555
sample_01034,0.851187
sample_01035,0.264504
sample_01036,0.88042
sample_01037,0.418668
sample_01038,0.685767
sample_01039,0.599249
sample_01040,0.208422
sample_01041,0.499939
sample_01042,0.626656
sample_01043,0.48588
sample_01044,0.163699
sample_01045,0.24073
sample_01046,0.657123
sample_01047,0.403638
sample_01048,0.246722
sample_01049,0.887706
sample_01050,0.274282
sample_01051,0.314421
sample_01052,0.754148
sample_01053,0.014366
sample_01054,0.617793
sample_01055,0.668105
sample_01056,0.555518
sample_01057,0.834236
sample_01058,0.727221
sample_01059,0.600096
sample_01060,0.139114
sample_01061,0.482252
sample_01062,0.330529
sample_01063,0.84687
sample_01064,0.684723
sample_01065,0.251696
sample_01066,0.699993
sample_01067,0.726063
sample_01068,0.661959
sample_01069,0.986786
sample_01070,0.434381
sample_01071,0.949302
sample_01072,0.073116
sample_01073,0.352944
sample_01074,0.46479
sample_01075,0.213373
sample_01076,0.193071
sample_01077,0.653664
sample_01078,0.002386
sample_01079,0.928856
sample_01080,0.029607
sample_01081,0.228863
sample_01082,0.488015
sample_01083,0.906051
sample_01084,0.017115
sample_01085,0.466956
sample_01086,0.187175
sample_01087,0.834711
sample_01088,0.420847
sample_01089,0.402055
sample_01090,0.073119
sample_01091,0.171795
sample_01092,0.079753
sample_01093,0.957876
sample_01094,0.096746
sample_01095,0.382868
sample_01096,0.951175
sample_01097,0.402622
sample_01098,0.893969
sample_01099,0.634059
sample_01100,0.277201
sample_01101,0.762418
sample_01102,0.006476
sample_01103,0.628287
sample_01104,0.827057
sample_01105,0.43446
sample_01106,0.366607
sample_01107,0.097666
sample_01108,0.547385
sample_01109,0.884784
sample_01110,0.920128
sample_01111,0.554662
sample_01112,0.803556
sample_01113,0.844274
sample_01114,0.020812
sample_01115,0.395543
sample_01116,0.651407
sample_01117,0.497102
sample_01118,0.956269
sample_01119,0.003739
sample_01120,0.508675
sample_01121,0.318647
sample_01122,0.637162
sample_01123,0.539043
sample_01124,0.719077
sample_01125,0.37183
sample_01126,0.797064
sample_01127,0.918037
sample_01128,0.641898
sample_01129,0.923785
sample_01130,0.333113
sample_01131,0.531098
sample_01132,0.998708
sample_01133,0.213245
sample_01134,0.426251
sample_01135,0.521949
sample_01136,0.739443
sample_01137,0.669987
sample_01138,0.835637
sample_01139,0.160079
sample_01140,0.399888
sample_01141,0.740176
sample_01142,0.06161
sample_01143,0.557465
sample_01144,0.40664
sample_01145,0.182627
sample_01146,0.977362
sample_01147,0.356924
sample_01148,0.390955
sample_01149,0.724972
sample_01150,0.99726
sample_01151,0.607438
sample_01152,0.058985
sample_01153,0.36849
sample_01154,0.228183
sample_01155,0.267056
sample_01156,0.474139
sample_01157,0.365228
sample_01158,0.796911
sample_01159,0.993079
sample_01160,0.093649
sample_01161,0.603598
sample_01162,0.093004
sample_01163,0.217951
sample_01164,0.283186
sample_01165,0.242611
sample_01166,0.891824
sample_01167,0.104723
sample_01168,0.149355
sample_01169,0.455512
sample_01170,0.856802
sample_01171,0.572154
sample_01172,0.4896
sample_01173,0.745778
sample_01174,0.5538
sample_01175,0.809214
sample_01176,0.206424
sample_01177,0.917546
sample_01178,0.990773
sample_01179,0.187579
sample_01180,0.113221
sample_01181,0.469271
sample_01182,0.906912
sample_01183,0.936518
sample_01184,0.065472
sample_01185,0.368754
sample_01186,0.959105
sample_01187,0.455067
sample_01188,0.47753
sample_01189,0.696606
sample_01190,0.194357
sample_01191,0.365054
sample_01192,0.673461
sample_01193,0.357055
sample_01194,0.859772
sample_01195,0.168913
sample_01196,0.126531
sample_01197,0.193067
sample_01198,0.479115
sample_01199,0.64191
sample_01200,0.488417
sample_01201,0.053128
sample_01202,0.845727
sample_01203,0.191454
sample_01204,0.099671
sample_01205,0.259542
sample_01206,0.952628
sample_01207,0.098384
sample_01208,0.023344
sample_01209,0.429727
sample_01210,0.646946
sample_01211,0.603525
sample_01212,0.428995
sample_01213,0.524206
sample_01214,0.334212
sample_01215,0.604039
sample_01216,0.149854
sample_01217,0.983619
sample_01218,0.114818
sample_01219,0.296178
sample_01220,0.359938
sample_01221,0.093408
sample_01222,0.390059
sample_01223,0.04215
sample_01224,0.264243
sample_01225,0.390973
sample_01226,0.810562
sample_01227,0.994539
sample_01228,0.142379
sample_01229,0.44395
sample_01230,0.252746
sample_01231,0.42593
sample_01232,0.645569
sample_01233,0.78079
sample_01234,0.650508
sample_01235,0.774249
sample_01236,0.356707
sample_01237,0.563382
sample_01238,0.76097
sample_01239,0.288342
sample_01240,0.539501
sample_01241,0.107341
sample_01242,0.905879
sample_01243,0.113645
sample_01244,0.331576
sample_01245,0.49413
sample_01246,0.562911
sample_01247,0.875123
sample_01248,0.295066
sample_01249,0.625931
sample_01250,0.020264
sample_01251,0.954369
sample_01252,0.48876
sample_01253,0.045543
sample_01254,0.637532
sample_01255,0.084351
sample_01256,0.524935
sample_01257,0.311573
sample_01258,0.44719
sample_01259,0.877148
sample_01260,0.045774
sample_01261,0.881725
sample_01262,0.885582
sample_01263,0.869407
sample_01264,0.359166
sample_01265,0.266077
sample_01266,0.965771
sample_01267,0.266138
sample_01268,0.400085
sample_01269,0.133083
sample_01270,0.988506
sample_01271,0.202213
sample_01272,0.842227
sample_01273,0.801428
sample_01274,0.842716
sample_01275,0.903623
sample_01276,0.504094
sample_01277,0.604064
sample_01278,0.620324
sample_01279,0.197122
sample_01280,0.738259
sample_01281,0.601191
sample_01282,0.083407
sample_01283,0.412582
sample_01284,0.659763
sample_01285,0.870544
sample_01286,0.866942
sample_01287,0.97948
sample_01288,0.560667
sample_01289,0.000497
sample_01290,0.827349
sample_01291,0.831508
sample_01292,0.789125
sample_01293,0.306131
sample_01294,0.639219
sample_01295,0.398758
sample_01296,0.039935
sample_01297,0.883011
sample_01298,0.803612
sample_01299,0.084847
sample_01300,0.68923
sample_01301,0.267061
sample_01302,0.980175
sample_01303,0.324495
sample_01304,0.987948
sample_01305,0.863942
sample_01306,0.039504
sample_01307,0.288993
sample_01308,0.525886
sample_01309,0.934273
sample_01310,0.014254
sample_01311,0.16298
sample_01312,0.751085
sample_01313,0.606767
sample_01314,0.363891
sample_01315,0.495339
sample_01316,0.244245
sample_01317,0.169194
sample_01318,0.85408
sample_01319,0.009905
sample_01320,0.580372
sample_01321,0.164327
sample_01322,0.791738
sample_01323,0.600452
sample_01324,0.273759
sample_01325,0.385574
sample_01326,0.761746
sample_01327,0.591124
sample_01328,0.427136
sample_01329,0.12823
sample_01330,0.783931
sample_01331,0.601341
sample_01332,0.136564
sample_01333,0.475977
sample_01334,0.735957
sample_01335,0.754604
sample_01336,0.832945
sample_01337,0.373735
sample_01338,0.595748
sample_01339,0.540413
sample_01340,0.659082
sample_01341,0.130382
sample_01342,0.566089
sample_01343,0.645087
sample_01344,0.691731
sample_01345,0.375484
sample_01346,0.174204
sample_01347,0.692825
sample_01348,0.241333
sample_01349,0.724306
sample_01350,0.173211
sample_01351,0.624654
sample_01352,0.347656
sample_01353,0.940861
sample_01354,0.610019
sample_01355,0.329897
sample_01356,0.705358
sample_01357,0.612058
sample_01358,0.338741
sample_01359,0.281793
sample_01360,0.227328
sample_01361,0.021215
sample_01362,0.057145
sample_01363,0.612298
sample_01364,0.905235
sample_01365,0.974801
sample_01366,0.161186
sample_01367,0.626548
sample_01368,0.946245
sample_01369,0.200748
sample_01370,0.214662
sample_01371,0.568838
sample_01372,0.911135
sample_01373,0.690885
sample_01374,0.370611
sample_01375,0.262332
sample_01376,0.815013
sample_01377,0.971892
sample_01378,0.587514
sample_01379,0.826435
sample_01380,0.949774
sample_01381,0.884105
sample_01382,0.648253
sample_01383,0.362883
sample_01384,0.553555
sample_01385,0.345865
sample_01386,0.741851
sample_01387,0.47604
sample_01388,0.457725
sample_01389,0.551539
sample_01390,0.838435
sample_01391,0.868238
sample_01392,0.51447
sample_01393,0.249979
sample_01394,0.632472
sample_01395,0.558854
sample_01396,0.180235
sample_01397,0.861239
sample_01398,0.82841
sample_01399,0.955227
sample_01400,0.093075
sample_01401,0.230362
sample_01402,0.608305
sample_01403,0.401653
sample_01404,0.958243
sample_01405,0.330986
sample_01406,0.440449
sample_01407,0.77592
sample_01408,0.867352
sample_01409,0.04974
sample_01410,0.149958
sample_01411,0.680406
sample_01412,0.134634
sample_01413,0.289571
sample_01414,0.634487
sample_01415,0.568548
sample_01416,0.662888
sample_01417,0.116875
sample_01418,0.608709
sample_01419,0.876332
sample_01420,0.759311
sample_01421,0.176935
sample_01422,0.704444
sample_01423,0.051641
sample_01424,0.212418
sample_01425,0.580287
sample_01426,0.296062
sample_01427,0.899728
sample_01428,0.0817
sample_01429,0.908188
sample_01430,0.567327
sample_01431,0.116797
sample_01432,0.621876
sample_01433,0.827063
sample_01434,0.145481
sample_01435,0.346805
sample_01436,0.174945
sample_01437,0.518173
sample_01438,0.253125
sample_01439,0.477068
sample_01440,0.272836
sample_01441,0.643204
sample_01442,0.648715
sample_01443,0.025011
sample_01444,0.325132
sample_01445,0.432526
sample_01446,0.59314
sample_01447,0.544672
sample_01448,0.284166
sample_01449,0.358779
sample_01450,0.12522
sample_01451,0.976881
sample_01452,0.03995
sample_01453,0.518307
sample_01454,0.075636
sample_01455,0.583988
sample_01456,0.474759
sample_01457,0.428635
sample_01458,0.014514
sample_01459,0.741713
sample_01460,0.932888
sample_01461,0.350934
sample_01462,0.245887
sample_01463,0.280564
sample_01464,0.101542
sample_01465,0.114379
sample_01466,0.022908
sample_01467,0.128485
sample_01468,0.333613
sample_01469,0.56382
sample_01470,0.524216
sample_01471,0.888836
sample_01472,0.042854
sample_01473,0.181211
sample_01474,0.365734
sample_01475,0.298395
sample_01476,0.208155
sample_01477,0.483647
sample_01478,0.636333
sample_01479,0.833033
sample_01480,0.314546
sample_01481,0.769812
sample_01482,0.15182
sample_01483,0.718642
sample_01484,0.976471
sample_01485,0.769281
sample_01486,0.509581
sample_01487,0.828155
sample_01488,0.231359
sample_01489,0.40827
sample_01490,0.792869
sample_01491,0.752342
sample_01492,0.859251
sample_01493,0.227458
sample_01494,0.761787
sample_01495,0.899609
sample_01496,0.276282
sample_01497,0.233653
sample_01498,0.557951
sample_01499,0.281785
sample_01500,0.427648
sample_01501,0.493766
sample_01502,0.902073
sample_01503,0.074843
sample_01504,0.117688
sample_01505,0.247368
sample_01506,0.333971
sample_01507,0.734252
sample_01508,0.422823
sample_01509,0.004935
sample_01510,0.4081
sample_01511,0.736422
sample_01512,0.632326
sample_01513,0.823201
sample_01514,0.845045
sample_01515,0.48091
sample_01516,0.162
sample_01517,0.888496
sample_01518,0.616514
sample_01519,0.128772
sample_01520,0.620516
sample_01521,0.909537
sample_01522,0.680863
sample_01523,0.872377
sample_01524,0.615509
sample_01525,0.933151
sample_01526,0.186022
sample_01527,0.388914
sample_01528,0.070969
sample_01529,0.18494
sample_01530,0.773003
sample_01531,0.524684
sample_01532,0.852001
sample_01533,0.480099
sample_01534,0.466772
sample_01535,0.122415
sample_01536,0.182233
sample_01537,0.421073
sample_01538,0.853725
sample_01539,0.806368
sample_01540,0.491776
sample_01541,0.514808
sample_01542,0.742987
sample_01543,0.524917
sample_01544,0.259954
sample_01545,0.646542
sample_01546,0.644357
sample_01547,0.100463
sample_01548,0.174396
sample_01549,0.00617
sample_01550,0.728584
sample_01551,0.00857
sample_01552,0.540214
sample_01553,0.069479
sample_01554,0.725711
sample_01555,0.015162
sample_01556,0.103304
sample_01557,0.418765
sample_01558,0.054545
sample_01559,0.437426
sample_01560,0.330436
sample_01561,0.573582
sample_01562,0.691215
sample_01563,0.530385
sample_01564,0.105361
sample_01565,0.848728
sample_01566,0.1643
sample_01567,0.757725
sample_01568,0.676869
sample_01569,0.694659
sample_01570,0.994498
sample_01571,0.548346
sample_01572,0.29637
sample_01573,0.736219
sample_01574,0.716444
sample_01575,0.716836
sample_01576,0.178553
sample_01577,0.642864
sample_01578,0.968159
sample_01579,0.779185
sample_01580,0.056939
sample_01581,0.380095
sample_01582,0.310175
sample_01583,0.407662
sample_01584,0.008342
sample_01585,0.45311
sample_01586,0.894238
sample_01587,0.678991
sample_01588,0.951467
sample_01589,0.545046
sample_01590,0.682708
sample_01591,0.033752
sample_01592,0.765058
sample_01593,0.605588
sample_01594,0.812308
sample_01595,0.826404
sample_01596,0.514717
sample_01597,0.753908
sample_01598,0.89327
sample_01599,0.849638
sample_01600,0.525027
sample_01601,0.145264
sample_01602,0.070176
sample_01603,0.175138
sample_01604,0.022171
sample_01605,0.702696
sample_01606,0.399047
sample_01607,0.228701
sample_01608,0.792973
sample_01609,0.245211
sample_01610,0.163673
sample_01611,0.667132
sample_01612,0.571765
sample_01613,0.078447
sample_01614,0.819007
sample_01615,0.360341
sample_01616,0.500752
sample_01617,0.303959
sample_01618,0.509012
sample_01619,0.477856
sample_01620,0.411855
sample_01621,0.233594
sample_01622,0.245842
sample_01623,0.850538
sample_01624,0.216862
sample_01625,0.304325
sample_01626,0.352184
sample_01627,0.675623
sample_01628,0.843995
sample_01629,0.947193
sample_01630,0.993188
sample_01631,0.575799
sample_01632,0.892423
sample_01633,0.96286
sample_01634,0.330235
sample_01635,0.615423
sample_01636,0.61503
sample_01637,0.312381
sample_01638,0.942174
sample_01639,0.100762
sample_01640,0.324292
sample_01641,0.573221
sample_01642,0.720688
sample_01643,0.973874
sample_01644,0.826304
sample_01645,0.603256
sample_01646,0.746002
sample_01647,0.768427
sample_01648,0.372375
sample_01649,0.73145
sample_01650,0.345627
sample_01651,0.37933
sample_01652,0.323506
sample_01653,0.69785
sample_01654,0.035493
sample_01655,0.551097
sample_01656,0.643483
sample_01657,0.315058
sample_01658,0.500718
sample_01659,0.227827
sample_01660,0.354175
sample_01661,0.195169
sample_01662,0.736026
sample_01663,0.780721
sample_01664,0.893002
sample_01665,0.644301
sample_01666,0.756321
sample_01667,0.414613
sample_01668,0.453629
sample_01669,0.36073
sample_01670,0.664856
sample_01671,0.501702
sample_01672,0.872519
sample_01673,0.164204
sample_01674,0.971996
sample_01675,0.767555
sample_01676,0.233995
sample_01677,0.893837
sample_01678,0.781259
sample_01679,0.905668
sample_01680,0.951082
sample_01681,0.810525
sample_01682,0.183309
sample_01683,0.411815
sample_01684,0.670407
sample_01685,0.556196
sample_01686,0.577295
sample_01687,0.165626
sample_01688,0.859904
sample_01689,0.362854
sample_01690,0.920219
sample_01691,0.9423
sample_01692,0.043079
sample_01693,0.849667
sample_01694,0.697786
sample_01695,0.02811
sample_01696,0.99494
sample_01697,0.436037
sample_01698,0.593157
sample_01699,0.048289
sample_01700,0.308476
sample_01701,0.770502
sample_01702,0.240348
sample_01703,0.455442
sample_01704,0.491351
sample_01705,0.228869
sample_01706,0.818
sample_01707,0.92408
sample_01708,0.554607
sample_01709,0.062466
sample_01710,0.901907
sample_01711,0.479106
sample_01712,0.497354
sample_01713,0.066376
sample_01714,0.261687
sample_01715,0.099548
sample_01716,0.222086
sample_01717,0.076182
sample_01718,0.611997
sample_01719,0.937679
sample_01720,0.733852
sample_01721,0.9934
sample_01722,0.030365
sample_01723,0.260571
sample_01724,0.46787
sample_01725,0.528284
sample_01726,0.437684
sample_01727,0.625715
sample_01728,0.909294
sample_01729,0.457369
sample_01730,0.717502
sample_01731,0.766246
sample_01732,0.676904
sample_01733,0.458481
sample_01734,0.761184
sample_01735,0.074305
sample_01736,0.588224
sample_01737,0.11749
sample_01738,0.276368
sample_01739,0.673879
sample_01740,0.663513
sample_01741,0.356976
sample_01742,0.892483
sample_01743,0.696168
sample_01744,0.160413
sample_01745,0.742275
sample_01746,0.027855
sample_01747,0.958543
sample_01748,0.301876
sample_01749,0.050354
sample_01750,0.614178
sample_01751,0.238849
sample_01752,0.841272
sample_01753,0.210269
sample_01754,0.830712
sample_01755,0.50704
sample_01756,0.98156
sample_01757,0.311219
sample_01758,0.184787
sample_01759,0.300495
sample_01760,0.870428
sample_01761,0.6409
sample_01762,0.442309
sample_01763,0.543394
sample_01764,0.187414
sample_01765,0.757572
sample_01766,0.949217
sample_01767,0.304546
sample_01768,0.875635
sample_01769,0.53107
sample_01770,0.395631
sample_01771,0.143584
sample_01772,0.898994
sample_01773,0.255472
sample_01774,0.533297
sample_01775,0.774999
sample_01776,0.970221
sample_01777,0.757002
sample_01778,0.744066
sample_01779,0.953641
sample_01780,0.031596
sample_01781,0.229148
sample_01782,0.040897
sample_01783,0.979919
sample_01784,0.354778
sample_01785,0.128871
sample_01786,0.56852
sample_01787,0.781457
sample_01788,0.614576
sample_01789,0.627064
sample_01790,0.037967
sample_01791,0.372886
sample_01792,0.222872
sample_01793,0.187969
sample_01794,0.190537
sample_01795,0.897462
sample_01796,0.643198
sample_01797,0.519373
sample_01798,0.723005
sample_01799,0.662044
sample_01800,0.118963
sample_01801,0.131039
sample_01802,0.427432
sample_01803,0.614736
sample_01804,0.442601
sample_01805,0.845904
sample_01806,0.79104
sample_01807,0.374747
sample_01808,0.400843
sample_01809,0.20966
sample_01810,0.525579
sample_01811,0.394178
sample_01812,0.095607
sample_01813,0.879549
sample_01814,0.082685
sample_01815,0.067197
sample_01816,0.626484
sample_01817,0.048603
sample_01818,0.186549
sample_01819,0.321418
sample_01820,0.417777
sample_01821,0.731425
sample_01822,0.64832
sample_01823,0.46103
sample_01824,0.869423
sample_01825,0.642771
sample_01826,0.336727
sample_01827,0.905424
sample_01828,0.416009
sample_01829,0.078051
sample_01830,0.276589
sample_01831,0.987296
sample_01832,0.983571
sample_01833,0.212589
sample_01834,0.416508
sample_01835,0.964856
sample_01836,0.892608
sample_01837,0.949523
sample_01838,0.751076
sample_01839,0.222597
sample_01840,0.377797
sample_01841,0.108317
sample_01842,0.527578
sample_01843,0.774653
sample_01844,0.216471
sample_01845,0.98777
sample_01846,0.935392
sample_01847,0.181482
sample_01848,0.87861
sample_01849,0.992771
sample_01850,0.356911
sample_01851,0.698306
sample_01852,0.789657
sample_01853,0.342028
sample_01854,0.953371
sample_01855,0.931493
sample_01856,0.975104
sample_01857,0.073713
sample_01858,0.382698
sample_01859,0.354494
sample_01860,0.09658
sample_01861,0.258389
sample_01862,0.180811
sample_01863,0.254808
sample_01864,0.254094
sample_01865,0.314098
sample_01866,0.822417
sample_01867,0.649933
sample_01868,0.202213
sample_01869,0.531046
sample_01870,0.49089
sample_01871,0.406406
sample_01872,0.433082
sample_01873,0.497349
sample_01874,0.021894
sample_01875,0.33835
sample_01876,0.427915
sample_01877,0.889908
sample_01878,0.235932
sample_01879,0.024821
sample_01880,0.296799
sample_01881,0.30419
sample_01882,0.714159
sample_01883,0.414961
sample_01884,0.513904
sample_01885,0.487219
sample_01886,0.410042
sample_01887,0.139655
sample_01888,0.928037
sample_01889,0.049569
sample_01890,0.676698
sample_01891,0.452193
sample_01892,0.820167
sample_01893,0.03096
sample_01894,0.585754
sample_01895,0.819282
sample_01896,0.610877
sample_01897,0.781546
sample_01898,0.822386
sample_01899,0.899201
sample_01900,0.259022
sample_01901,0.504712
sample_01902,0.823179
sample_01903,0.14492
sample_01904,0.693288
sample_01905,0.839823
sample_01906,0.426091
sample_01907,0.089058
sample_01908,0.326189
sample_01909,0.431838
sample_01910,0.570881
sample_01911,0.519644
sample_01912,0.333609
sample_01913,0.309417
sample_01914,0.408108
sample_01915,0.692872
sample_01916,0.344371
sample_01917,0.077726
sample_01918,0.687146
sample_01919,0.603367
sample_01920,0.641544
sample_01921,0.297826
sample_01922,0.80865
sample_01923,0.852099
sample_01924,0.44638
sample_01925,0.166214
sample_01926,0.270537
sample_01927,0.032335
sample_01928,0.91813
sample_01929,0.92392
sample_01930,0.16054
sample_01931,0.438278
sample_01932,0.180644
sample_01933,0.932668
sample_01934,0.540828
sample_01935,0.652814
sample_01936,0.486169
sample_01937,0.207806
sample_01938,0.2917
sample_01939,0.233632
sample_01940,0.445991
sample_01941,0.616058
sample_01942,0.161989
sample_01943,0.358698
sample_01944,0.996548
sample_01945,0.448514
sample_01946,0.781753
sample_01947,0.410313
sample_01948,0.309089
sample_01949,0.756442
sample_01950,0.647479
sample_01951,0.236832
sample_01952,0.317957
sample_01953,0.640316
sample_01954,0.802164
sample_01955,0.523329
sample_01956,0.066818
sample_01957,0.81926
sample_01958,0.766436
sample_01959,0.123464
sample_01960,0.679405
sample_01961,0.393886
sample_01962,0.347939
sample_01963,0.541685
sample_01964,0.091467
sample_01965,0.550964
sample_01966,0.484183
sample_01967,0.145872
sample_01968,0.947082
sample_01969,0.843108
sample_01970,0.300131
sample_01971,0.013515
sample_01972,0.957102
sample_01973,0.174462
sample_01974,0.614402
sample_01975,0.91417
sample_01976,0.886981
sample_01977,0.311846
sample_01978,0.842406
sample_01979,0.656527
sample_01980,0.753226
sample_01981,0.653545
sample_01982,0.83289
sample_01983,0.234423
sample_01984,0.682285
sample_01985,0.488711
sample_01986,0.828081
sample_01987,0.038125
sample_01988,0.387584
sample_01989,0.466032
sample_01990,0.965244
sample_01991,0.063855
sample_01992,0.794525
sample_01993,0.344663
sample_01994,0.632028
sample_01995,0.233993
sample_01996,0.983778
sample_01997,0.123439
sample_01998,0.177853
sample_01999,0.98652
sample_02000,0.160984
sample_02001,0.638951
sample_02002,0.637434
sample_02003,0.915015
sample_02004,0.123909
sample_02005,0.100291
sample_02006,0.855598
sample_02007,0.525553
sample_02008,0.026498
sample_02009,0.549413
sample_02010,0.600977
sample_02011,0.83938
sample_02012,0.412919
sample_02013,0.673862
sample_02014,0.695116
sample_02015,0.042076
sample_02016,0.925714
sample_02017,0.315472
sample_02018,0.558936
sample_02019,0.976588
sample_02020,0.498211
sample_02021,0.067784
sample_02022,0.253538
sample_02023,0.121781
sample_02024,0.015307
sample_02025,0.610584
sample_02026,0.408719
sample_02027,0.572145
sample_02028,0.162527
sample_02029,0.39638
sample_02030,0.503297
sample_02031,0.246261
sample_02032,0.511912
sample_02033,0.805191
sample_02034,0.603687
sample_02035,0.790804
sample_02036,0.538142
sample_02037,0.527787
sample_02038,0.40349
sample_02039,0.245568
sample_02040,0.970933
sample_02041,0.32256
sample_02042,0.398915
sample_02043,0.445417
sample_02044,0.036652
sample_02045,0.865727
sample_02046,0.337801
sample_02047,0.665353
sample_02048,0.688307
sample_02049,0.124322
sample_02050,0.829813
sample_02051,0.397567
sample_02052,0.219582
sample_02053,0.305646
sample_02054,0.384911
sample_02055,0.929938
sample_02056,0.07685
sample_02057,0.636121
sample_02058,0.459506
sample_02059,0.414391
sample_02060,0.976909
sample_02061,0.002155
sample_02062,0.773964
sample_02063,0.573915
sample_02064,0.541729
sample_02065,0.94016
sample_02066,0.329543
sample_02067,0.049539
sample_02068,0.22538
sample_02069,0.130797
sample_02070,0.633818
sample_02071,0.612513
sample_02072,0.303009
sample_02073,0.979844
sample_02074,0.356878
sample_02075,0.861509
sample_02076,0.709562
sample_02077,0.108621
sample_02078,0.088122
sample_02079,0.947826
sample_02080,0.895395
sample_02081,0.588417
sample_02082,0.074768
sample_02083,0.483347
sample_02084,0.383136
sample_02085,0.762963
sample_02086,0.917351
sample_02087,0.956101
sample_02088,0.368872
sample_02089,0.330763
sample_02090,0.165205
sample_02091,0.38424
sample_02092,0.882946
sample_02093,0.066951
sample_02094,0.039234
sample_02095,0.200031
sample_02096,0.773942
sample_02097,0.729159
sample_02098,0.951693
sample_02099,0.287112
sample_02100,0.417855
sample_02101,0.656222
sample_02102,0.881151
sample_02103,0.05781
sample_02104,0.506224
sample_02105,0.084007
sample_02106,0.344299
sample_02107,0.200605
sample_02108,0.160491
sample_02109,0.673879
sample_02110,0.434402
sample_02111,0.026277
sample_02112,0.474507
sample_02113,0.908959
sample_02114,0.103256
sample_02115,0.206925
sample_02116,0.738157
sample_02117,0.639599
sample_02118,0.080967
sample_02119,0.438378
sample_02120,0.809848
sample_02121,0.379271
sample_02122,0.118615
sample_02123,0.69077
sample_02124,0.274443
sample_02125,0.890401
sample_02126,0.29572
sample_02127,0.501837
sample_02128,0.535168
sample_02129,0.813491
sample_02130,0.835346
sample_02131,0.029196
sample_02132,0.614632
sample_02133,0.762005
sample_02134,0.725309
sample_02135,0.668826
sample_02136,0.592733
sample_02137,0.063434
sample_02138,0.543432
sample_02139,0.576703
sample_02140,0.759834
sample_02141,0.230366
sample_02142,0.671628
sample_02143,0.324768
sample_02144,0.421341
sample_02145,0.366942
sample_02146,0.027052
sample_02147,0.571945
sample_02148,0.195915
sample_02149,0.611823
sample_02150,0.049783
sample_02151,0.302237
sample_02152,0.529877
sample_02153,0.758832
sample_02154,0.88053
sample_02155,0.899482
sample_02156,0.918052
sample_02157,0.945118
sample_02158,0.663495
sample_02159,0.019887
sample_02160,0.41318
sample_02161,0.928968
sample_02162,0.626454
sample_02163,0.642786
sample_02164,0.131581
sample_02165,0.607179
sample_02166,0.710673
sample_02167,0.55257
sample_02168,0.985088
sample_02169,0.541779
sample_02170,0.165347
sample_02171,0.760915
sample_02172,0.738363
sample_02173,0.606347
sample_02174,0.051448
sample_02175,0.928334
sample_02176,0.005663
sample_02177,0.708822
sample_02178,0.663704
sample_02179,0.991256
sample_02180,0.105831
sample_02181,0.754133
sample_02182,0.938189
sample_02183,0.503841
sample_02184,0.890678
sample_02185,0.36595
sample_02186,0.509593
sample_02187,0.380528
sample_02188,0.044594
sample_02189,0.993224
sample_02190,0.601834
sample_02191,0.246833
sample_02192,0.999243
sample_02193,0.459261
sample_02194,0.51142
sample_02195,0.518018
sample_02196,0.230492
sample_02197,0.910606
sample_02198,0.764629
sample_02199,0.698513
sample_02200,0.589543
sample_02201,0.898305
sample_02202,0.398069
sample_02203,0.117006
sample_02204,0.792002
sample_02205,0.311123
sample_02206,0.183297
sample_02207,0.999964
sample_02208,0.864896
sample_02209,0.833209
sample_02210,0.081062
sample_02211,0.752444
sample_02212,0.333694
sample_02213,0.19636
sample_02214,0.335798
sample_02215,0.582645
sample_02216,0.479443
sample_02217,0.055675
sample_02218,0.391205
sample_02219,0.21812
sample_02220,0.139668
sample_02221,0.294789
sample_02222,5.3e-05
sample_02223,0.754896
sample_02224,0.325192
sample_02225,0.307739
sample_02226,0.247033
sample_02227,0.479487
sample_02228,0.858728
sample_02229,0.438153
sample_02230,0.576076
sample_02231,0.975983
sample_02232,0.210702
sample_02233,0.781841
sample_02234,0.57293
sample_02235,0.188619
sample_02236,0.559476
sample_02237,0.124361
sample_02238,0.614673
sample_02239,0.063076
sample_02240,0.776413
sample_02241,0.397149
sample_02242,0.447235
sample_02243,0.436061
sample_02244,0.257504
sample_02245,0.230906
sample_02246,0.662495
sample_02247,0.546301
sample_02248,0.636897
sample_02249,0.554398
sample_02250,0.325041
sample_02251,0.875053
sample_02252,0.592163
sample_02253,0.147142
sample_02254,0.091356
sample_02255,0.171464
sample_02256,0.093292
sample_02257,0.264565
sample_02258,0.945455
sample_02259,0.838541
sample_02260,0.711204
sample_02261,0.42143
sample_02262,0.442397
sample_02263,0.284141
sample_02264,0.854339
sample_02265,0.281026
sample_02266,0.717218
sample_02267,0.27741
sample_02268,0.430715
sample_02269,0.763035
sample_02270,0.519934
sample_02271,0.132301
sample_02272,0.600387
sample_02273,0.502787
sample_02274,0.729462
sample_02275,0.476054
sample_02276,0.491039
sample_02277,0.695897
sample_02278,0.423582
sample_02279,0.651174
sample_02280,0.163053
sample_02281,0.831588
sample_02282,0.562022
sample_02283,0.674499
sample_02284,0.056698
sample_02285,0.096443
sample_02286,0.694958
sample_02287,0.283293
sample_02288,0.365101
sample_02289,0.114497
sample_02290,0.470701
sample_02291,0.444126
sample_02292,0.333934
sample_02293,0.421819
sample_02294,0.201843
sample_02295,0.212685
sample_02296,0.844357
sample_02297,0.697319
sample_02298,0.051582
sample_02299,0.182942
sample_02300,0.030876
sample_02301,0.950054
sample_02302,0.320183
sample_02303,0.477682
sample_02304,0.549077
sample_02305,0.327644
sample_02306,0.638208
sample_02307,0.194263
sample_02308,0.492165
sample_02309,0.643313
sample_02310,0.208373
sample_02311,0.829019
sample_02312,0.685225
sample_02313,0.370072
sample_02314,0.670598
sample_02315,0.350473
sample_02316,0.417865
sample_02317,0.384904
sample_02318,0.819686
sample_02319,0.305192
sample_02320,0.065556
sample_02321,0.356694
sample_02322,0.093014
sample_02323,0.852496
sample_02324,0.133615
sample_02325,0.616991
sample_02326,0.708883
sample_02327,0.688777
sample_02328,0.216331
sample_02329,0.12055
sample_02330,0.257165
sample_02331,0.520154
sample_02332,0.069634
sample_02333,0.25719
sample_02334,0.817986
sample_02335,0.730933
sample_02336,0.013687
sample_02337,0.969035
sample_02338,0.771262
sample_02339,0.450063
sample_02340,0.675312
sample_02341,0.583552
sample_02342,0.314299
sample_02343,0.085715
sample_02344,0.21804
sample_02345,0.361981
sample_02346,0.232888
sample_02347,0.517407
sample_02348,0.31015
sample_02349,0.638193
sample_02350,0.167872
sample_02351,0.603144
sample_02352,0.003432
sample_02353,0.976568
sample_02354,0.86522
sample_02355,0.91079
sample_02356,0.045224
sample_02357,0.216304
sample_02358,0.238621
sample_02359,0.19927
sample_02360,0.010768
sample_02361,0.691826
sample_02362,0.234704
sample_02363,0.273703
sample_02364,0.342018
sample_02365,0.517023
sample_02366,0.432719
sample_02367,0.186568
sample_02368,0.579451
sample_02369,0.060312
sample_02370,0.86547
sample_02371,0.125621
sample_02372,0.288106
sample_02373,0.494487
sample_02374,0.712393
sample_02375,0.320843
sample_02376,0.686163
sample_02377,0.605044
sample_02378,0.663707
sample_02379,0.050667
sample_02380,0.517169
sample_02381,0.245755
sample_02382,0.672908
sample_02383,0.286394
sample_02384,0.303027
sample_02385,0.655283
sample_02386,0.51102
sample_02387,0.171931
sample_02388,0.73974
sample_02389,0.010865
sample_02390,0.045054
sample_02391,0.909612
sample_02392,0.22399
sample_02393,0.067195
sample_02394,0.644763
sample_02395,0.662707
sample_02396,0.398284
sample_02397,0.443467
sample_02398,0.643767
sample_02399,0.539867
sample_02400,0.956599
sample_02401,0.348082
sample_02402,0.013332
sample_02403,0.657938
sample_02404,0.094763
sample_02405,0.299008
sample_02406,0.692158
sample_02407,0.08641
sample_02408,0.56935
sample_02409,0.236947
sample_02410,0.285603
sample_02411,0.536693
sample_02412,0.706336
sample_02413,0.489588
sample_02414,0.259298
sample_02415,0.021228
sample_02416,0.808719
sample_02417,0.675086
sample_02418,0.228719
sample_02419,0.081941
sample_02420,0.757652
sample_02421,0.108302
sample_02422,0.653925
sample_02423,0.128491
sample_02424,0.520025
sample_02425,0.124389
sample_02426,0.780353
sample_02427,0.47231
sample_02428,0.680909
sample_02429,0.544859
sample_02430,0.089431
sample_02431,0.341958
sample_02432,0.230347
sample_02433,0.175513
sample_02434,0.277921
sample_02435,0.900848
sample_02436,0.37057
sample_02437,0.777379
sample_02438,0.423591
sample_02439,0.121346
sample_02440,0.723048
sample_02441,0.872364
sample_02442,0.799212
sample_02443,0.954254
sample_02444,0.349826
sample_02445,0.500561
sample_02446,0.136552
sample_02447,0.262626
sample_02448,0.633222
sample_02449,0.777919
sample_02450,0.082455
sample_02451,0.672216
sample_02452,0.384911
sample_02453,0.460492
sample_02454,0.11337
sample_02455,0.856443
sample_02456,0.32745
sample_02457,0.00395
sample_02458,0.81971
sample_02459,0.747742
sample_02460,0.134915
sample_02461,0.631624
sample_02462,0.929907
sample_02463,0.289307
sample_02464,0.215921
sample_02465,0.601487
sample_02466,0.337623
sample_02467,0.796248
sample_02468,0.408452
sample_02469,0.374776
sample_02470,0.482778
sample_02471,0.732689
sample_02472,0.487948
sample_02473,0.284249
sample_02474,0.464259
sample_02475,0.896369
sample_02476,0.532398
sample_02477,0.948887
sample_02478,0.687949
sample_02479,0.277532
sample_02480,0.673069
sample_02481,0.839525
sample_02482,0.16887
sample_02483,0.583676
sample_02484,0.429507
sample_02485,0.557786
sample_02486,0.292578
sample_02487,0.745904
sample_02488,0.523959
sample_02489,0.04075
sample_02490,0.851398
sample_02491,0.24058
sample_02492,0.502031
sample_02493,0.524244
sample_02494,0.466737
sample_02495,0.103307
sample_02496,0.055914
sample_02497,0.93385
sample_02498,0.959594
sample_02499,0.177556
sample_02500,0.357279
sample_02501,0.291488
sample_02502,0.237226
sample_02503,0.639198
sample_02504,0.45197
sample_02505,0.732471
sample_02506,0.491695
sample_02507,0.266306
sample_02508,0.0506
sample_02509,0.471181
sample_02510,0.120813
sample_02511,0.161583
sample_02512,0.406969
sample_02513,0.782742
sample_02514,0.549154
sample_02515,0.557376
sample_02516,0.90232
sample_02517,0.266053
sample_02518,0.788125
sample_02519,0.516505
sample_02520,0.269678
sample_02521,0.095891
sample_02522,0.040704
sample_02523,0.147659
sample_02524,0.789678
sample_02525,0.074166
sample_02526,0.298642
sample_02527,0.473474
sample_02528,0.52528
sample_02529,0.722637
sample_02530,0.210933
sample_02531,0.63955
sample_02532,0.659664
sample_02533,0.49789
sample_02534,0.926467
sample_02535,0.644684
sample_02536,0.895362
sample_02537,0.828026
sample_02538,0.429229
sample_02539,0.203301
sample_02540,0.49834
sample_02541,0.010193
sample_02542,0.315725
sample_02543,0.055412
sample_02544,0.91924
sample_02545,0.552761
sample_02546,0.201719
sample_02547,0.051073
sample_02548,0.67725
sample_02549,0.060722
sample_02550,0.397456
sample_02551,0.423532
sample_02552,0.38168
sample_02553,0.803588
sample_02554,0.444934
sample_02555,0.457349
sample_02556,0.730598
sample_02557,0.615243
sample_02558,0.730475
sample_02559,0.21554
sample_02560,0.804901
sample_02561,0.468902
sample_02562,0.879079
sample_02563,0.031208
sample_02564,0.17427
sample_02565,0.332286
sample_02566,0.839468
sample_02567,0.138973
sample_02568,0.733412
sample_02569,0.273721
sample_02570,0.132874
sample_02571,0.919644
sample_02572,0.685129
sample_02573,0.305992
sample_02574,0.139862
sample_02575,0.602791
sample_02576,0.961462
sample_02577,0.027273
sample_02578,0.606486
sample_02579,0.596419
sample_02580,0.326675
sample_02581,0.554348
sample_02582,0.287621
sample_02583,0.005317
sample_02584,0.111247
sample_02585,0.099707
sample_02586,0.523632
sample_02587,0.344093
sample_02588,0.338202
sample_02589,0.533267
sample_02590,0.398542
sample_02591,0.222878
sample_02592,0.445057
sample_02593,0.279457
sample_02594,0.813866
sample_02595,0.794727
sample_02596,0.706144
sample_02597,0.788963
sample_02598,0.720633
sample_02599,0.046961
sample_02600,0.854841
sample_02601,0.420398
sample_02602,0.777407
sample_02603,0.955188
sample_02604,0.739114
sample_02605,0.651462
sample_02606,0.882053
sample_02607,0.230829
sample_02608,0.889475
sample_02609,0.191822
sample_02610,0.575842
sample_02611,0.182674
sample_02612,0.238903
sample_02613,0.740975
sample_02614,0.674995
sample_02615,0.39815
sample_02616,0.991779
sample_02617,0.566774
sample_02618,0.536775
sample_02619,0.800036
sample_02620,0.299018
sample_02621,0.396255
sample_02622,0.907283
sample_02623,0.579506
sample_02624,0.466447
sample_02625,0.914303
sample_02626,0.192968
sample_02627,0.956886
sample_02628,0.988202
sample_02629,0.267707
sample_02630,0.291509
sample_02631,0.351217
sample_02632,0.24313
sample_02633,0.277615
sample_02634,0.288369
sample_02635,0.013489
sample_02636,0.480828
sample_02637,0.639474
sample_02638,0.94233
sample_02639,0.399152
sample_02640,0.520354
sample_02641,0.167902
sample_02642,0.056266
sample_02643,0.521013
sample_02644,0.354734
sample_02645,0.803448
sample_02646,0.036766
sample_02647,0.458925
sample_02648,0.703079
sample_02649,0.172915
sample_02650,0.860954
sample_02651,0.14872
sample_02652,0.897139
sample_02653,0.946631
sample_02654,0.618889
sample_02655,0.473415
sample_02656,0.505469
sample_02657,0.549856
sample_02658,0.869356
sample_02659,0.913334
sample_02660,0.905863
sample_02661,0.613929
sample_02662,0.943638
sample_02663,0.302871
sample_02664,0.750693
sample_02665,0.145184
sample_02666,0.224265
sample_02667,0.841829
sample_02668,0.718346
sample_02669,0.414275
sample_02670,0.573548
sample_02671,0.836903
sample_02672,0.527507
sample_02673,0.218211
sample_02674,0.559196
sample_02675,0.309585
sample_02676,0.291674
sample_02677,0.622257
sample_02678,0.598698
sample_02679,0.955501
sample_02680,0.739557
sample_02681,0.836902
sample_02682,0.643791
sample_02683,0.211032
sample_02684,0.332039
sample_02685,0.662338
sample_02686,0.184494
sample_02687,0.808529
sample_02688,0.631848
sample_02689,0.79569
sample_02690,0.102082
sample_02691,0.128832
sample_02692,0.511065
sample_02693,0.726565
sample_02694,0.621267
sample_02695,0.34411
sample_02696,0.357113
sample_02697,0.780298
sample_02698,0.810426
sample_02699,0.790819
sample_02700,0.448825
sample_02701,0.234282
sample_02702,0.106328
sample_02703,0.034704
sample_02704,0.990893
sample_02705,0.126704
sample_02706,0.732017
sample_02707,0.163509
sample_02708,0.151095
sample_02709,0.432018
sample_02710,0.373422
sample_02711,0.922951
sample_02712,0.046561
sample_02713,0.572771
sample_02714,0.963645
sample_02715,0.641612
sample_02716,0.365625
sample_02717,0.211191
sample_02718,0.589595
sample_02719,0.129212
sample_02720,0.561898
sample_02721,0.960092
sample_02722,0.171212
sample_02723,0.422066
sample_02724,0.376353
sample_02725,0.709422
sample_02726,0.036106
sample_02727,0.451068
sample_02728,0.535656
sample_02729,0.07823
sample_02730,0.64371
sample_02731,0.49909
sample_02732,0.276513
sample_02733,0.458175
sample_02734,0.959176
sample_02735,0.654376
sample_02736,0.641653
sample_02737,0.024543
sample_02738,0.912678
sample_02739,0.048905
sample_02740,0.270029
sample_02741,0.123916
sample_02742,0.814919
sample_02743,0.898065
sample_02744,0.254309
sample_02745,0.082421
sample_02746,0.122177
sample_02747,0.525595
sample_02748,0.087238
sample_02749,0.215655
sample_02750,0.805433
sample_02751,0.042703
sample_02752,0.614016
sample_02753,0.362241
sample_02754,0.322086
sample_02755,0.284107
sample_02756,0.728829
sample_02757,0.777751
sample_02758,0.309845
sample_02759,0.418163
sample_02760,0.815121
sample_02761,0.169277
sample_02762,0.66938
sample_02763,0.008806
sample_02764,0.433904
sample_02765,0.966594
sample_02766,0.713654
sample_02767,0.031953
sample_02768,0.349277
sample_02769,0.836703
sample_02770,0.463585
sample_02771,0.051608
sample_02772,0.404523
sample_02773,0.131563
sample_02774,0.86052
sample_02775,0.359438
sample_02776,0.800482
sample_02777,0.494075
sample_02778,0.435608
sample_02779,0.646618
sample_02780,0.90533
sample_02781,0.241174
sample_02782,0.555261
sample_02783,0.281643
sample_02784,0.301203
sample_02785,0.386764
sample_02786,0.764103
sample_02787,0.796872
sample_02788,0.159904
sample_02789,0.67967
sample_02790,0.057157
sample_02791,0.977151
sample_02792,0.569822
sample_02793,0.438985
sample_02794,0.727887
sample_02795,0.573848
sample_02796,0.876553
sample_02797,0.879644
sample_02798,0.295155
sample_02799,0.425043
sample_02800,0.633014
sample_02801,0.993494
sample_02802,0.113149
sample_02803,0.140753
sample_02804,0.665618
sample_02805,0.272714
sample_02806,0.603025
sample_02807,0.869527
sample_02808,0.939631
sample_02809,0.621412
sample_02810,0.160268
sample_02811,0.838911
sample_02812,0.629251
sample_02813,0.195702
sample_02814,0.578802
sample_02815,0.518735
sample_02816,0.471441
sample_02817,0.659195
sample_02818,0.748283
sample_02819,0.455822
sample_02820,0.292566
sample_02821,0.128257
sample_02822,0.513777
sample_02823,0.521814
sample_02824,0.448546
sample_02825,0.00473
sample_02826,0.237065
sample_02827,0.593878
sample_02828,0.388575
sample_02829,0.100576
sample_02830,0.973665
sample_02831,0.575316
sample_02832,0.285708
sample_02833,0.331546
sample_02834,0.3733
sample_02835,0.849134
sample_02836,0.511914
sample_02837,0.111429
sample_02838,0.265993
sample_02839,0.408925
sample_02840,0.53503
sample_02841,0.383986
sample_02842,0.896575
sample_02843,0.272042
sample_02844,0.176293
sample_02845,0.985956
sample_02846,0.531584
sample_02847,0.603863
sample_02848,0.453384
sample_02849,0.498101
sample_02850,0.058946
sample_02851,0.837722
sample_02852,0.291112
sample_02853,0.845783
sample_02854,0.527257
sample_02855,0.791896
sample_02856,0.315173
sample_02857,0.614168
sample_02858,0.968713
sample_02859,0.753583
sample_02860,0.860976
sample_02861,0.249778
sample_02862,0.734165
sample_02863,0.796447
sample_02864,0.880212
sample_02865,0.381347
sample_02866,0.832382
sample_02867,0.950154
sample_02868,0.825173
sample_02869,0.322594
sample_02870,0.066275
sample_02871,0.185363
sample_02872,0.267861
sample_02873,0.546561
sample_02874,0.533914
sample_02875,0.31198
sample_02876,0.942096
sample_02877,0.746749
sample_02878,0.736848
sample_02879,0.227804
sample_02880,0.574396
sample_02881,0.853819
sample_02882,0.536429
sample_02883,0.42136
sample_02884,0.139865
sample_02885,0.098528
sample_02886,0.715846
sample_02887,0.591565
sample_02888,0.443588
sample_02889,0.815999
sample_02890,0.370412
sample_02891,0.630277
sample_02892,0.506476
sample_02893,0.794475
sample_02894,0.961482
sample_02895,0.019811
sample_02896,0.526231
sample_02897,0.67759
sample_02898,0.422462
sample_02899,0.825716
sample_02900,0.574124
sample_02901,0.069681
sample_02902,0.795292
sample_02903,0.752893
sample_02904,0.255728
sample_02905,0.886665
sample_02906,0.562609
sample_02907,0.466926
sample_02908,0.719627
sample_02909,0.350545
sample_02910,0.232533
sample_02911,0.103549
sample_02912,0.613169
sample_02913,0.86961
sample_02914,0.479641
sample_02915,0.060912
sample_02916,0.930593
sample_02917,0.551338
sample_02918,0.379864
sample_02919,0.193931
sample_02920,0.013509
sample_02921,0.394528
sample_02922,0.845939
sample_02923,0.481596
sample_02924,0.054586
sample_02925,0.627467
sample_02926,0.933383
sample_02927,0.677759
sample_02928,0.72489
sample_02929,0.635001
sample_02930,0.510086
sample_02931,0.643753
sample_02932,0.701634
sample_02933,0.742077
sample_02934,0.183467
sample_02935,0.287219
sample_02936,0.143166
sample_02937,0.380697
sample_02938,0.274407
sample_02939,0.949993
sample_02940,0.371677
sample_02941,0.400255
sample_02942,0.055486
sample_02943,0.113282
sample_02944,0.24029
sample_02945,0.678208
sample_02946,0.28373
sample_02947,0.665245
sample_02948,0.809725
sample_02949,0.089138
sample_02950,0.285429
sample_02951,0.739597
sample_02952,0.421922
sample_02953,0.111322
sample_02954,0.323176
sample_02955,0.885391
sample_02956,0.496287
sample_02957,0.501298
sample_02958,0.840314
sample_02959,0.731084
sample_02960,0.129827
sample_02961,0.282353
sample_02962,0.735676
sample_02963,0.688502
sample_02964,0.551117
sample_02965,0.062759
sample_02966,0.417531
sample_02967,0.623258
sample_02968,0.014387
sample_02969,0.721367
sample_02970,0.253387
sample_02971,0.823619
sample_02972,0.944323
sample_02973,0.365207
sample_02974,0.423813
sample_02975,0.848695
sample_02976,0.975069
sample_02977,0.492649
sample_02978,0.294919
sample_02979,0.774085
sample_02980,0.695828
sample_02981,0.181104
sample_02982,0.061614
sample_02983,0.425446
sample_02984,0.926436
sample_02985,0.591575
sample_02986,0.222782
sample_02987,0.367055
sample_02988,0.485607
sample_02989,0.661723
sample_02990,0.233702
sample_02991,0.86408
sample_02992,0.913281
sample_02993,0.49555
sample_02994,0.080042
sample_02995,0.478833
sample_02996,0.582476
sample_02997,0.153583
sample_02998,0.42662
sample_02999,0.129229
sample_03000,0.871352
sample_03001,0.146455
sample_03002,0.464464
sample_03003,0.920885
sample_03004,0.180929
sample_03005,0.483599
sample_03006,0.986475
sample_03007,0.928158
sample_03008,0.786759
sample_03009,0.47687
sample_03010,0.49328
sample_03011,0.992575
sample_03012,0.32953
sample_03013,0.735261
sample_03014,0.530773
sample_03015,0.308547
sample_03016,0.160419
sample_03017,0.667183
sample_03018,0.537771
sample_03019,0.952791
sample_03020,0.804371
sample_03021,0.90915
sample_03022,0.310033
sample_03023,0.216549
sample_03024,0.129163
sample_03025,0.893286
sample_03026,0.220419
sample_03027,0.405641
sample_03028,0.230779
sample_03029,0.033064
sample_03030,0.673459
sample_03031,0.135502
sample_03032,0.969214
sample_03033,0.348048
sample_03034,0.29717
sample_03035,0.711818
sample_03036,0.262465
sample_03037,0.249768
sample_03038,0.120675
sample_03039,0.304978
sample_03040,0.311421
sample_03041,0.881911
sample_03042,0.054709
sample_03043,0.404141
sample_03044,0.498367
sample_03045,0.947784
sample_03046,0.897186
sample_03047,0.952076
sample_03048,0.759464
sample_03049,0.761235
sample_03050,0.358924
sample_03051,0.47643
sample_03052,0.395111
sample_03053,0.168694
sample_03054,0.494184
sample_03055,0.627027
sample_03056,0.877579
sample_03057,0.781884
sample_03058,0.648248
sample_03059,0.876312
sample_03060,0.638702
sample_03061,0.079653
sample_03062,0.760377
sample_03063,0.061869
sample_03064,0.387666
sample_03065,0.49503
sample_03066,0.522857
sample_03067,0.478527
sample_03068,0.220015
sample_03069,0.724436
sample_03070,0.424358
sample_03071,0.286053
sample_03072,0.597465
sample_03073,0.122702
sample_03074,0.382561
sample_03075,0.111481
sample_03076,0.557975
sample_03077,0.491141
sample_03078,0.785599
sample_03079,0.919441
sample_03080,0.444288
sample_03081,0.436502
sample_03082,0.843541
sample_03083,0.065657
sample_03084,0.242878
sample_03085,0.904493
sample_03086,0.02605
sample_03087,0.913216
sample_03088,0.846126
sample_03089,0.652735
sample_03090,0.947684
sample_03091,0.40252
sample_03092,0.613596
sample_03093,0.068937
sample_03094,0.696317
sample_03095,0.341291
sample_03096,0.832538
sample_03097,0.170877
sample_03098,0.697835
sample_03099,0.903988
sample_03100,0.406382
sample_03101,0.877468
sample_03102,0.253858
sample_03103,0.586237
sample_03104,0.725971
sample_03105,0.517772
sample_03106,0.664306
sample_03107,0.732985
sample_03108,0.728901
sample_03109,0.465145
sample_03110,0.594679
sample_03111,0.101919
sample_03112,0.569961
sample_03113,0.685858
sample_03114,0.201437
sample_03115,0.62357
sample_03116,0.086446
sample_03117,0.251104
sample_03118,0.193753
sample_03119,0.42454
sample_03120,0.744613
sample_03121,0.9048
sample_03122,0.66865
sample_03123,0.192035
sample_03124,0.72163
sample_03125,0.218958
sample_03126,0.858694
sample_03127,0.575131
sample_03128,0.048113
sample_03129,0.67621
sample_03130,0.759963
sample_03131,0.618073
sample_03132,0.864648
sample_03133,0.582671
sample_03134,0.376601
sample_03135,0.321845
sample_03136,0.20748
sample_03137,0.56688
sample_03138,0.038299
sample_03139,0.750263
sample_03140,0.065164
sample_03141,0.344697
sample_03142,0.946903
sample_03143,0.575456
sample_03144,0.914032
sample_03145,0.849177
sample_03146,0.807376
sample_03147,0.73023
sample_03148,0.069321
sample_03149,0.365564
sample_03150,0.572744
sample_03151,0.832065
sample_03152,0.723737
sample_03153,0.535904
sample_03154,0.849689
sample_03155,0.011946
sample_03156,0.730507
sample_03157,0.787675
sample_03158,0.957552
sample_03159,0.785095
sample_03160,0.906174
sample_03161,0.103995
sample_03162,0.7917
sample_03163,0.998947
sample_03164,0.992398
sample_03165,0.856955
sample_03166,0.986212
sample_03167,0.362044
sample_03168,0.466512
sample_03169,0.096983
sample_03170,0.894321
sample_03171,0.655597
sample_03172,0.401035
sample_03173,0.445249
sample_03174,0.491748
sample_03175,0.002532
sample_03176,0.673461
sample_03177,0.797379
sample_03178,0.05458
sample_03179,0.863113
sample_03180,0.847885
sample_03181,0.730742
sample_03182,0.968322
sample_03183,0.21032
sample_03184,0.940043
sample_03185,0.033823
sample_03186,0.881772
sample_03187,0.758364
sample_03188,0.876527
sample_03189,0.313547
sample_03190,0.156051
sample_03191,0.945979
sample_03192,0.10586
sample_03193,0.048412
sample_03194,0.71934
sample_03195,0.599626
sample_03196,0.199912
sample_03197,0.039453
sample_03198,0.093739
sample_03199,0.013125
sample_03200,0.420972
sample_03201,0.855482
sample_03202,0.12509
sample_03203,0.53735
sample_03204,0.700215
sample_03205,0.178445
sample_03206,0.632981
sample_03207,0.454119
sample_03208,0.975943
sample_03209,0.302826
sample_03210,0.037238
sample_03211,0.242821
sample_03212,0.277673
sample_03213,0.452701
sample_03214,0.591015
sample_03215,0.624374
sample_03216,0.622269
sample_03217,0.239409
sample_03218,0.517532
sample_03219,0.551418
sample_03220,0.953638
sample_03221,0.802278
sample_03222,0.797602
sample_03223,0.785224
sample_03224,0.299408
sample_03225,0.649479
sample_03226,0.629539
sample_03227,0.314697
sample_03228,0.676815
sample_03229,0.802764
sample_03230,0.365933
sample_03231,0.094628
sample_03232,0.834039
sample_03233,0.48184
sample_03234,0.116933
sample_03235,0.167615
sample_03236,0.42179
sample_03237,0.255398
sample_03238,0.718177
sample_03239,0.623776
sample_03240,0.708677
sample_03241,0.108626
sample_03242,0.563534
sample_03243,0.734408
sample_03244,0.989454
sample_03245,0.15856
sample_03246,0.402174
sample_03247,0.993254
sample_03248,0.325533
sample_03249,0.751346
sample_03250,0.72042
sample_03251,0.307284
sample_03252,0.397672
sample_03253,0.404493
sample_03254,0.719959
sample_03255,0.424066
sample_03256,0.682938
sample_03257,0.097381
sample_03258,0.404232
sample_03259,0.017027
sample_03260,0.073865
sample_03261,0.327425
sample_03262,0.056016
sample_03263,0.700072
sample_03264,0.875477
sample_03265,0.227134
sample_03266,0.851045
sample_03267,0.93159
sample_03268,0.744464
sample_03269,0.961077
sample_03270,0.597142
sample_03271,0.446321
sample_03272,0.279673
sample_03273,0.826242
sample_03274,0.883386
sample_03275,0.344382
sample_03276,0.310293
sample_03277,0.903385
sample_03278,0.693344
sample_03279,0.169266
sample_03280,0.73625
sample_03281,0.288588
sample_03282,0.242097
sample_03283,0.808445
sample_03284,0.502064
sample_03285,0.90447
sample_03286,0.570964
sample_03287,0.16397
sample_03288,0.608221
sample_03289,0.871925
sample_03290,0.888307
sample_03291,0.206904
sample_03292,0.715463
sample_03293,0.140822
sample_03294,0.444776
sample_03295,0.26868
sample_03296,0.936807
sample_03297,0.796631
sample_03298,0.444961
sample_03299,0.126915
sample_03300,0.944309
sample_03301,0.952654
sample_03302,0.775152
sample_03303,0.103839
sample_03304,0.152557
sample_03305,0.678888
sample_03306,0.761174
sample_03307,0.44972
sample_03308,0.289124
sample_03309,0.658375
sample_03310,0.837304
sample_03311,0.608819
sample_03312,0.07965
sample_03313,0.867579
sample_03314,0.239876
sample_03315,0.495387
sample_03316,0.589841
sample_03317,0.094892
sample_03318,0.411676
sample_03319,0.306289
sample_03320,0.002461
sample_03321,0.767468
sample_03322,0.582255
sample_03323,0.692482
sample_03324,0.750173
sample_03325,0.204064
sample_03326,0.619942
sample_03327,0.453246
sample_03328,0.075656
sample_03329,0.800624
sample_03330,0.83525
sample_03331,0.426582
sample_03332,0.44939
sample_03333,0.786217
sample_03334,0.944711
sample_03335,0.662495
sample_03336,0.099863
sample_03337,0.745935
sample_03338,0.720721
sample_03339,0.649839
sample_03340,0.966633
sample_03341,0.557565
sample_03342,0.877046
sample_03343,0.200493
sample_03344,0.694907
sample_03345,0.258741
sample_03346,0.95647
sample_03347,0.776335
sample_03348,0.322088
sample_03349,0.327347
sample_03350,0.517586
sample_03351,0.642302
sample_03352,0.427536
sample_03353,0.8533
sample_03354,0.333239
sample_03355,0.472212
sample_03356,0.009343
sample_03357,0.743721
sample_03358,0.46144
sample_03359,0.654467
sample_03360,0.520184
sample_03361,0.024418
sample_03362,0.76648
sample_03363,0.330595
sample_03364,0.9347
sample_03365,0.365122
sample_03366,0.604946
sample_03367,0.881487
sample_03368,0.03159
sample_03369,0.087043
sample_03370,0.746179
sample_03371,0.941339
sample_03372,0.391806
sample_03373,0.722953
sample_03374,0.698456
sample_03375,0.268743
sample_03376,0.799275
sample_03377,0.599986
sample_03378,0.638021
sample_03379,0.217806
sample_03380,0.571642
sample_03381,0.807478
sample_03382,0.56033
sample_03383,0.637564
sample_03384,0.263176
sample_03385,0.832386
sample_03386,0.631888
sample_03387,0.845789
sample_03388,0.025902
sample_03389,0.433682
sample_03390,0.951006
sample_03391,0.499228
sample_03392,0.151627
sample_03393,0.916009
sample_03394,0.942624
sample_03395,0.235184
sample_03396,0.698942
sample_03397,0.883075
sample_03398,0.621895
sample_03399,0.289878
sample_03400,0.521066
sample_03401,0.208816
sample_03402,0.21087
sample_03403,0.636475
sample_03404,0.395992
sample_03405,0.562154
sample_03406,0.868182
sample_03407,0.4788
sample_03408,0.87425
sample_03409,0.748552
sample_03410,0.303976
sample_03411,0.945835
sample_03412,0.756157
sample_03413,0.352738
sample_03414,0.485247
sample_03415,0.691562
sample_03416,0.840364
sample_03417,0.086815
sample_03418,0.518446
sample_03419,0.853938
sample_03420,0.232674
sample_03421,0.012545
sample_03422,0.261946
sample_03423,0.782557
sample_03424,0.697983
sample_03425,0.514795
sample_03426,0.216044
sample_03427,0.914492
sample_03428,0.269722
sample_03429,0.170426
sample_03430,0.682057
sample_03431,0.717323
sample_03432,0.264692
sample_03433,0.976776
sample_03434,0.045101
sample_03435,0.1359
sample_03436,0.980886
sample_03437,0.917291
sample_03438,0.576957
sample_03439,0.065009
sample_03440,0.455419
sample_03441,0.98132
sample_03442,0.587589
sample_03443,0.45098
sample_03444,0.466524
sample_03445,0.459285
sample_03446,0.383587
sample_03447,0.716057
sample_03448,0.10147
sample_03449,0.909861
sample_03450,0.088376
sample_03451,0.172082
sample_03452,0.471193
sample_03453,0.214546
sample_03454,0.479703
sample_03455,0.589871
sample_03456,0.847977
sample_03457,0.259245
sample_03458,0.555133
sample_03459,0.145833
sample_03460,0.045281
sample_03461,0.245969
sample_03462,0.378397
sample_03463,0.157746
sample_03464,0.703635
sample_03465,0.522695
sample_03466,0.818246
sample_03467,0.258402
sample_03468,0.21812
sample_03469,0.957787
sample_03470,0.982367
sample_03471,0.836819
sample_03472,0.938116
sample_03473,0.900132
sample_03474,0.108524
sample_03475,0.573486
sample_03476,0.84705
sample_03477,0.262914
sample_03478,0.238449
sample_03479,0.441808
sample_03480,0.052811
sample_03481,0.400463
sample_03482,0.218319
sample_03483,0.80553
sample_03484,0.808073
sample_03485,0.71312
sample_03486,0.597872
sample_03487,0.35398
sample_03488,0.126981
sample_03489,0.589561
sample_03490,0.679384
sample_03491,0.031509
sample_03492,0.042735
sample_03493,0.888561
sample_03494,0.914163
sample_03495,0.779178
sample_03496,0.526464
sample_03497,0.170643
sample_03498,0.335681
sample_03499,0.191343
sample_03500,0.452532
sample_03501,0.685077
sample_03502,0.908311
sample_03503,0.15649
sample_03504,0.685386
sample_03505,0.143449
sample_03506,0.698919
sample_03507,0.898294
sample_03508,0.673236
sample_03509,0.763455
sample_03510,0.528988
sample_03511,0.150202
sample_03512,0.887465
sample_03513,0.631679
sample_03514,0.790672
sample_03515,0.66097
sample_03516,0.597878
sample_03517,0.912499
sample_03518,0.353588
sample_03519,0.092478
sample_03520,0.800967
sample_03521,0.771341
sample_03522,0.575659
sample_03523,0.066295
sample_03524,0.994254
sample_03525,0.882818
sample_03526,0.857119
sample_03527,0.430258
sample_03528,0.260318
sample_03529,0.976697
sample_03530,0.493752
sample_03531,0.573065
sample_03532,0.380112
sample_03533,0.355711
sample_03534,0.574858
sample_03535,0.34974
sample_03536,0.784515
sample_03537,0.976711
sample_03538,0.541101
sample_03539,0.409989
sample_03540,0.416687
sample_03541,0.818469
sample_03542,0.056133
sample_03543,0.432993
sample_03544,0.550493
sample_03545,0.280285
sample_03546,0.837633
sample_03547,0.810957
sample_03548,0.030332
sample_03549,0.155
sample_03550,0.310188
sample_03551,0.962093
sample_03552,0.496442
sample_03553,0.86888
sample_03554,0.920454
sample_03555,0.57301
sample_03556,0.283504
sample_03557,0.506113
sample_03558,0.131466
sample_03559,0.13967
sample_03560,0.139805
sample_03561,0.588996
sample_03562,0.036587
sample_03563,0.406689
sample_03564,0.171189
sample_03565,0.387789
sample_03566,0.420526
sample_03567,0.430489
sample_03568,0.008326
sample_03569,0.022605
sample_03570,0.287925
sample_03571,0.741045
sample_03572,0.179241
sample_03573,0.644679
sample_03574,0.733295
sample_03575,0.918583
sample_03576,0.017513
sample_03577,0.026429
sample_03578,0.751625
sample_03579,0.797787
sample_03580,0.770721
sample_03581,0.05575
sample_03582,0.577365
sample_03583,0.734415
sample_03584,0.808849
sample_03585,0.788077
sample_03586,0.870847
sample_03587,0.431394
sample_03588,0.698651
sample_03589,0.187823
sample_03590,0.34282
sample_03591,0.317646
sample_03592,0.104241
sample_03593,0.623646
sample_03594,0.8583
sample_03595,0.110651
sample_03596,0.90987
sample_03597,0.960015
sample_03598,0.546141
sample_03599,0.608224
sample_03600,0.483988
sample_03601,0.103715
sample_03602,0.800902
sample_03603,0.596698
sample_03604,0.434777
sample_03605,0.443068
sample_03606,0.795852
sample_03607,0.050126
sample_03608,0.296502
sample_03609,0.135579
sample_03610,0.027254
sample_03611,0.513639
sample_03612,0.986515
sample_03613,0.882529
sample_03614,0.564922
sample_03615,0.794055
sample_03616,0.047173
sample_03617,0.418444
sample_03618,0.629758
sample_03619,0.260535
sample_03620,0.885703
sample_03621,0.185994
sample_03622,0.44671
sample_03623,0.731911
sample_03624,0.954193
sample_03625,0.614656
sample_03626,0.413805
sample_03627,0.677281
sample_03628,0.477283
sample_03629,0.768868
sample_03630,0.431248
sample_03631,0.321195
sample_03632,0.928517
sample_03633,0.861955
sample_03634,0.484505
sample_03635,0.431903
sample_03636,0.913506
sample_03637,0.725316
sample_03638,0.079071
sample_03639,0.22087
sample_03640,0.23761
sample_03641,0.899779
sample_03642,0.490947
sample_03643,0.795991
sample_03644,0.768855
sample_03645,0.077284
sample_03646,0.498952
sample_03647,0.581565
sample_03648,0.7098
sample_03649,0.051444
sample_03650,0.758543
sample_03651,0.902571
sample_03652,0.766566
sample_03653,0.745163
sample_03654,0.302311
sample_03655,0.548698
sample_03656,0.403941
sample_03657,0.631384
sample_03658,0.840641
sample_03659,0.327575
sample_03660,0.564133
sample_03661,0.314529
sample_03662,0.085757
sample_03663,0.882359
sample_03664,0.147776
sample_03665,0.495295
sample_03666,0.846471
sample_03667,0.025544
sample_03668,0.072725
sample_03669,0.523867
sample_03670,0.326577
sample_03671,0.964422
sample_03672,0.609799
sample_03673,0.297148
sample_03674,0.739984
sample_03675,0.409198
sample_03676,0.053189
sample_03677,0.66817
sample_03678,0.15523
sample_03679,0.543546
sample_03680,0.553308
sample_03681,0.797777
sample_03682,0.522461
sample_03683,0.007786
sample_03684,0.052997
sample_03685,0.656875
sample_03686,0.834753
sample_03687,0.726413
sample_03688,0.21426
sample_03689,0.883286
sample_03690,0.258613
sample_03691,0.080004
sample_03692,0.590623
sample_03693,0.350381
sample_03694,0.897548
sample_03695,0.000973
sample_03696,0.732414
sample_03697,0.226134
sample_03698,0.519994
sample_03699,0.51564
sample_03700,0.287416
sample_03701,0.724519
sample_03702,0.585425
sample_03703,0.234703
sample_03704,0.953947
sample_03705,0.458992
sample_03706,0.839309
sample_03707,0.529459
sample_03708,0.028108
sample_03709,0.89581
sample_03710,0.561909
sample_03711,0.643618
sample_03712,0.262562
sample_03713,0.116906
sample_03714,0.959651
sample_03715,0.683632
sample_03716,0.122377
sample_03717,0.412197
sample_03718,0.542794
sample_03719,0.739307
sample_03720,0.951112
sample_03721,0.119405
sample_03722,0.877995
sample_03723,0.06461
sample_03724,0.799821
sample_03725,0.48668
sample_03726,0.636017
sample_03727,0.589602
sample_03728,0.742102
sample_03729,0.767694
sample_03730,0.458057
sample_03731,0.178146
sample_03732,0.085573
sample_03733,0.882938
sample_03734,0.814796
sample_03735,0.998284
sample_03736,0.718214
sample_03737,0.055544
sample_03738,0.605135
sample_03739,0.986065
sample_03740,0.003374
sample_03741,0.995476
sample_03742,0.499231
sample_03743,0.362806
sample_03744,0.198907
sample_03745,0.984722
sample_03746,0.027436
sample_03747,0.875879
sample_03748,0.715535
sample_03749,0.510478
sample_03750,0.214
sample_03751,0.843911
sample_03752,0.002033
sample_03753,0.433619
sample_03754,0.901346
sample_03755,0.87629
sample_03756,0.176064
sample_03757,0.039988
sample_03758,0.670974
sample_03759,0.008798
sample_03760,0.870902
sample_03761,0.895921
sample_03762,0.111781
sample_03763,0.203887
sample_03764,0.790281
sample_03765,0.588566
sample_03766,0.33564
sample_03767,0.178287
sample_03768,0.190611
sample_03769,0.065475
sample_03770,0.183991
sample_03771,0.083412
sample_03772,0.177322
sample_03773,0.186805
sample_03774,0.171871
sample_03775,0.59187
sample_03776,0.81929
sample_03777,0.479289
sample_03778,0.818336
sample_03779,0.482968
sample_03780,0.676779
sample_03781,0.866569
sample_03782,0.466806
sample_03783,0.386439
sample_03784,0.758731
sample_03785,0.450751
sample_03786,0.394181
sample_03787,0.95157
sample_03788,0.503325
sample_03789,0.24999
sample_03790,0.443145
sample_03791,0.251092
sample_03792,0.70931
sample_03793,0.832756
sample_03794,0.899984
sample_03795,0.242603
sample_03796,0.577903
sample_03797,0.946308
sample_03798,0.467417
sample_03799,0.774786
sample_03800,0.061501
sample_03801,0.292671
sample_03802,0.942388
sample_03803,0.839561
sample_03804,0.69782
sample_03805,0.587355
sample_03806,0.974472
sample_03807,0.57934
sample_03808,0.19202
sample_03809,0.662949
sample_03810,0.8851
sample_03811,0.976462
sample_03812,0.161764
sample_03813,0.635724
sample_03814,0.677339
sample_03815,0.240538
sample_03816,0.451922
sample_03817,0.838564
sample_03818,0.354474
sample_03819,0.863891
sample_03820,0.591989
sample_03821,0.183882
sample_03822,0.741557
sample_03823,0.193568
sample_03824,0.22214
sample_03825,0.656286
sample_03826,0.076852
sample_03827,0.640581
sample_03828,0.312464
sample_03829,0.235245
sample_03830,0.321189
sample_03831,0.114485
sample_03832,0.327756
sample_03833,0.28176
sample_03834,0.179073
sample_03835,0.892762
sample_03836,0.963598
sample_03837,0.48449
sample_03838,0.285526
sample_03839,0.024596
sample_03840,0.401772
sample_03841,0.60876
sample_03842,0.35108
sample_03843,0.25975
sample_03844,0.564936
sample_03845,0.267853
sample_03846,0.306594
sample_03847,0.612317
sample_03848,0.407071
sample_03849,0.987651
sample_03850,0.708074
sample_03851,0.189859
sample_03852,0.146257
sample_03853,0.455188
sample_03854,0.256139
sample_03855,0.140658
sample_03856,0.142472
sample_03857,0.378254
sample_03858,0.39671
sample_03859,0.493307
sample_03860,0.822293
sample_03861,0.395505
sample_03862,0.225531
sample_03863,0.002862
sample_03864,0.120814
sample_03865,0.00359
sample_03866,0.817072
sample_03867,0.343569
sample_03868,0.431721
sample_03869,0.861269
sample_03870,0.60256
sample_03871,0.984753
sample_03872,0.424648
sample_03873,0.402535
sample_03874,0.599556
sample_03875,0.884009
sample_03876,0.404257
sample_03877,0.6194
sample_03878,0.209212
sample_03879,0.721177
sample_03880,0.061557
sample_03881,0.039317
sample_03882,0.78282
sample_03883,0.24934
sample_03884,0.206019
sample_03885,0.251255
sample_03886,0.527917
sample_03887,0.968952
sample_03888,0.003437
sample_03889,0.907794
sample_03890,0.344985
sample_03891,0.739931
sample_03892,0.755167
sample_03893,0.35153
sample_03894,0.336727
sample_03895,0.080667
sample_03896,0.425985
sample_03897,0.862267
sample_03898,0.324065
sample_03899,0.544634
sample_03900,0.144024
sample_03901,0.549074
sample_03902,0.787306
sample_03903,0.418299
sample_03904,0.765024
sample_03905,0.66729
sample_03906,0.220812
sample_03907,0.509154
sample_03908,0.876101
sample_03909,0.127677
sample_03910,0.655312
sample_03911,0.133488
sample_03912,0.554654
sample_03913,0.849563
sample_03914,0.342108
sample_03915,0.452999
sample_03916,0.120578
sample_03917,0.576677
sample_03918,0.778052
sample_03919,0.968982
sample_03920,0.227707
sample_03921,0.593372
sample_03922,0.590296
sample_03923,0.210101
sample_03924,0.294952
sample_03925,0.370251
sample_03926,0.452478
sample_03927,0.789125
sample_03928,0.304955
sample_03929,0.011107
sample_03930,0.446671
sample_03931,0.033582
sample_03932,0.990115
sample_03933,0.435694
sample_03934,0.510497
sample_03935,0.71521
sample_03936,0.941984
sample_03937,0.803645
sample_03938,0.307449
sample_03939,0.633035
sample_03940,0.738802
sample_03941,0.010381
sample_03942,0.666113
sample_03943,0.002284
sample_03944,0.690664
sample_03945,0.180872
sample_03946,0.58527
sample_03947,0.438538
sample_03948,0.963465
sample_03949,0.426698
sample_03950,0.529497
sample_03951,0.473908
sample_03952,0.547043
sample_03953,0.700004
sample_03954,0.848531
sample_03955,0.420807
sample_03956,0.67795
sample_03957,0.996931
sample_03958,0.65546
sample_03959,0.314443
sample_03960,0.638436
sample_03961,0.867831
sample_03962,0.86348
sample_03963,0.676954
sample_03964,0.825133
sample_03965,0.850209
sample_03966,0.621898
sample_03967,0.4332
sample_03968,0.486265
sample_03969,0.639903
sample_03970,0.439588
sample_03971,0.551538
sample_03972,0.632526
sample_03973,0.969128
sample_03974,0.000561
sample_03975,0.843547
sample_03976,0.490481
sample_03977,0.256259
sample_03978,0.101407
sample_03979,0.935701
sample_03980,0.892569
sample_03981,0.700812
sample_03982,0.429573
sample_03983,0.571111
sample_03984,0.19018
sample_03985,0.459699
sample_03986,0.648998
sample_03987,0.043953
sample_03988,0.651562
sample_03989,0.408103
sample_03990,0.76737
sample_03991,0.087733
sample_03992,0.919082
sample_03993,0.129719
sample_03994,0.760116
sample_03995,0.628284
sample_03996,0.783041
sample_03997,0.959019
sample_03998,0.003435
sample_03999,0.124123
